Cementitious_Ratio,Slag_Ratio,Fly_Ash_Ratio,Water_to_Cementitious_Ratio,Superplasticizer_Ratio,Coarse_Aggregate_Ratio,Sand_Ratio,Age,Compressive_Strength
0.205086136,0,0,0.4,0,0.461443806,0.251435603,1,12.63809508
0.167391304,0,0,0.483116883,0,0.42,0.33173913,1,6.26733684
0.058290534,0.087435801,0,1.375358166,0,0.437179005,0.336924297,3,8.06342182
0.145726335,0,0,0.550143266,0,0.437179005,0.336924297,3,15.04919265
0.085349607,0.056899738,0,0.966767372,0,0.420473591,0.354763849,3,9.131420144
0.133413668,0,0,0.619354839,0,0.417886039,0.366069892,3,9.86640156
0.154150523,0.07798203,0,0.454812834,0.004162888,0.381708021,0.311886901,3,34.39795764
0.129553819,0.108423273,0,0.560165975,0.003556217,0.432907414,0.252987636,3,28.79941252
0.174144642,0.043556648,0,0.361176471,0.00676091,0.349149764,0.363491088,3,33.39821744
0.174108972,0.043547726,0,0.356235294,0.007619828,0.383449406,0.329250307,3,36.3009114
0.152222448,0.038075908,0,0.3376,0.009498681,0.345889994,0.402922671,3,28.99936056
0.196492099,0.049143708,0,0.381263158,0.003681641,0.352486142,0.323281211,3,37.79707432
0.191522378,0.047860176,0,0.293816631,0.013149298,0.347966351,0.343229337,3,40.1964508
0.174144642,0.043556648,0,0.361176471,0.00676091,0.349149764,0.363491088,3,33.39821744
0.159687693,0.039901377,0,0.406330417,0.004972262,0.350154099,0.380398603,3,28.096147
0.217114135,0,0,0.266892528,0.011523845,0.348208083,0.365207797,3,41.2996124
0.174144642,0.043556648,0,0.361176471,0.00676091,0.349149764,0.363491088,3,33.39821744
0.130988578,0.087312022,0,0.488393977,0.005875586,0.350110938,0.361738845,3,25.2003478
0.163719338,0.038586912,0,0.366849179,0.004645098,0.385787629,0.347200717,3,41.09966436
0.149304126,0.077822614,0,0.454771098,0.004776414,0.388989541,0.311208103,3,35.3011712
0.134695406,0.117676431,0,0.5678097,0.004285952,0.392268642,0.27459221,3,28.29609504
0.155545537,0.061972293,0,0.405533597,0.006516928,0.464915157,0.247971145,3,28.59946448
0.149304126,0.077822614,0,0.454771098,0.004776414,0.388989541,0.311208103,3,35.3011712
0.116790405,0.08195317,0,0.505413902,0.004568818,0.409806641,0.327853471,3,24.40055564
0.149304126,0.077822614,0,0.454771098,0.004776414,0.388989541,0.311208103,3,35.3011712
0.182468099,0.073569143,0,0.423690205,0.004613658,0.367804148,0.294235006,3,39.300132
0.159318433,0.077227966,0,0.374198512,0.008989499,0.386017243,0.308830139,3,40.59634688
0.149304126,0.077822614,0,0.454771098,0.004776414,0.388989541,0.311208103,3,35.3011712
0.140102828,0.078364707,0,0.51760876,0.003938967,0.391699146,0.313375902,3,24.0971862
0.135747049,0,0.303012256,0.593329781,0.001897727,0.411491886,0.370320571,3,11.57630204
0.140937071,0,0.288011206,0.602606657,0.001960046,0.406446737,0.365726528,3,10.38350856
0.124002352,0,0.340514905,0.56104336,0.003142065,0.422750567,0.380534319,3,12.45193656
0.132806723,0,0.396735004,0.5129714,0.003264706,0.457983193,0.337819328,3,15.04436632
0.141597464,0,0.364470017,0.540351824,0.002414485,0.448780239,0.330695363,3,12.47262084
0.149068855,0,0.339697944,0.561243827,0.001981707,0.440598022,0.324687442,3,10.0318758
0.132686275,0,0.396741886,0.512962728,0.004154857,0.457580931,0.337514824,3,9.4458212
0.140212857,0,0.49571897,0.535766335,0.001911452,0.450659855,0.332094508,3,10.76272036
0.141777842,0.01798183,0.493791066,0.366960034,0.002444298,0.45240883,0.333360397,3,7.74971024
0.100263886,0.041266314,0.102883768,0.762750283,0.002887169,0.44856336,0.330542965,3,17.9953236
0.100275644,0.041266702,0.102904146,0.762716132,0.002798527,0.448605997,0.330571278,3,13.18278112
0.148972346,0,0.339696412,0.561263799,0.002625346,0.440312986,0.324476537,3,13.35515012
0.143003522,0,0.283327312,0.561958092,0.003013682,0.408960969,0.364659841,3,19.93275116
0.14668579,0,0.276808701,0.542162053,0.002346531,0.406022057,0.365418154,3,13.81709904
0.130789906,0,0.320783662,0.509188533,0.003640833,0.421266475,0.377706067,3,13.54130864
0.130930815,0,0.320775818,0.509170501,0.004338422,0.419952558,0.378112096,3,13.33446584
0.140997086,0,0.370508938,0.472118297,0.003282312,0.45441605,0.334737248,3,19.51906556
0.149170501,0,0.344171831,0.492288536,0.00283676,0.445945375,0.328612436,3,15.43736764
0.157295625,0,0.319959961,0.509820366,0.00244684,0.437622608,0.322442414,3,17.22311048
0.157255474,0,0.319959961,0.509820366,0.002701472,0.437510902,0.322360108,3,13.12072828
0.147689216,0,0.479376561,0.486782055,0.003204829,0.447489126,0.329724368,3,13.62404576
0.128400495,0.019094722,0.401203908,0.559882899,0.003459097,0.447444112,0.329712333,3,7.31534036
0.123088358,0.01772862,0.423873367,0.540135776,0.00454763,0.453839241,0.334311725,3,7.39807748
0.161714501,0,0.248829328,0.43484335,0.003936909,0.402133713,0.361894402,3,22.50449664
0.156252347,0,0.260095075,0.428907168,0.004936613,0.40640466,0.365388628,3,23.13881456
0.164012405,0,0.244384822,0.438328862,0.003717363,0.400293366,0.360085495,3,22.94576128
0.145591887,0,0.284122246,0.415465529,0.005111755,0.416390728,0.372417219,3,21.02212324
0.14520795,0,0.283886733,0.454535001,0.005343285,0.41233464,0.371112029,3,15.36152528
0.146994661,0,0.281290947,0.416595454,0.005933215,0.413591542,0.372243274,3,21.78054684
0.154007015,0,0.336317926,0.385308274,0.004965029,0.450041203,0.331646576,3,23.52492112
0.165388627,0,0.306114727,0.40230059,0.004130335,0.439567775,0.324377321,3,23.80071152
0.174590678,0,0.283433808,0.421509525,0.004007965,0.430603679,0.317206044,3,21.91154728
0.163002249,0,0.449804366,0.398450371,0.004263032,0.442037864,0.325748548,3,17.57474324
0.162793529,0,0.449373291,0.398746583,0.004895478,0.441810571,0.325587058,3,17.36790044
0.124879943,0.040496456,0.081087353,0.532736615,0.004632543,0.439532689,0.323930251,3,30.44726016
0.141462063,0.022600179,0.361919242,0.411537674,0.00492621,0.444930677,0.327863903,3,27.42046052
0.143271607,0.022886702,0.361916922,0.462098043,0.004088127,0.431486657,0.332061377,3,18.01600788
0.14372216,0,0.361916147,0.462096915,0.004747717,0.452017885,0.333098671,3,15.340841
0.159561376,0,0,0.570744681,0,0.42585064,0.323519177,3,16.27852836
0.129711211,8.40725E-06,0.465275302,0.530868198,0,0.422716382,0.378704443,3,14.39625888
0.125829049,0.054422864,0.444631437,0.589229216,0.003422076,0.42598067,0.31620319,3,19.41564416
0.12547588,0.054906008,0.399824697,0.606614301,0.001510127,0.426092621,0.3158999,3,20.72564856
0.125303765,0.054995301,0.434571071,0.592830354,0.003298025,0.426033649,0.316085385,3,14.94094492
0.144733749,0.005713782,0.499985497,0.454706309,0.001738064,0.422467212,0.359535844,3,21.29101888
0.146563009,0.021135444,0.499985594,0.474745729,0.002732194,0.424904774,0.335084415,3,23.07676172
0.141601024,0.031966219,0.5,0.491107784,0.003353485,0.427050035,0.326487871,3,15.52010476
0.14122601,0.039514167,0.479158551,0.516436427,0.004117734,0.426246852,0.315960981,3,15.81657944
0.133135857,0,0.396741886,0.528048935,0.004168935,0.455291551,0.337101409,3,12.5484632
0.147167257,0,0.276808701,0.554948075,0.002269089,0.40396601,0.364927457,3,8.48744956
0.163320149,0,0.449373291,0.410610203,0.004911314,0.439575251,0.325132365,3,15.60973664
0.124417845,0,0.340514905,0.57645664,0.003152593,0.420626725,0.380081344,3,12.17614616
0.156214738,0,0.319959961,0.52196732,0.002430026,0.441039121,0.318777126,3,11.98309288
0.218603354,0.009993296,0.15047619,0.308571429,0.004834257,0.402646558,0.296467786,3,35.36322404
0.218600623,0.009993171,0.15047619,0.308571429,0.004846688,0.402641528,0.296464083,3,25.02108404
0.218600623,0.009993171,0.15047619,0.308571429,0.004846688,0.402641528,0.296464083,3,23.34565736
0.195901145,0.008145578,0.195426195,0.326403326,0.005832234,0.382027597,0.344150661,3,22.752708
0.195932267,0.008146872,0.195426195,0.326403326,0.005674296,0.382088288,0.344205334,3,25.510612
0.196117605,0.008154578,0.195426195,0.326403326,0.004733733,0.382449717,0.344530928,3,34.77027468
0.252163307,0.010677925,0.200325733,0.342019544,0.001614009,0.362228072,0.287071908,3,25.60910857
0.259517399,0.010989336,0.200325733,0.327361564,0.00166108,0.347432088,0.295444075,3,29.54897143
0.232006944,0.009180131,0.237410072,0.320143885,0.003538523,0.368039792,0.312959007,3,32.01138572
0.238942465,0.009454558,0.237410072,0.302158273,0.003833393,0.353256665,0.322314476,3,32.10988228
0.14882502,0.004772814,0.411078717,0.60058309,0.000746295,0.40872644,0.347547641,3,9.849657146
0.187434398,0.006615332,0.331764706,0.421176471,0.002407981,0.371340619,0.353258712,3,13.39553372
0.206023297,0.007828885,0.282,0.308,0.004495428,0.388147892,0.330049322,3,25.11662572
0.206023297,0.007828885,0.282,0.308,0.004495428,0.388147892,0.330049322,3,23.63917715
0.126228434,0,0,0.664359862,0,0.398864381,0.39104608,3,11.6549023
0.170041537,0,0,0.488549618,0,0.406974732,0.339910003,3,19.1991487
0.206860886,0,0,0.4,0,0.40346492,0.30692984,3,24.4046925
0.144858187,0,0,0.576576577,0,0.405080912,0.366539064,3,15.61594192
0.111753879,0,0,0.752941176,0,0.389955298,0.414146726,3,8.204074924
0.148358862,0,0,0.581120944,0,0.423632385,0.341794311,3,13.22414968
0.103372755,0,0,0.822033898,0,0.424003504,0.387647832,3,6.46728488
0.120855148,0,0,0.689530686,0,0.422338569,0.373472949,3,11.36256448
0.111257118,0,0,0.779527559,0,0.424003504,0.378011389,3,9.307926
0.134649123,0,0,0.628664495,0,0.424561404,0.356140351,3,12.54156844
0.072879801,0.109319701,0,1.220023981,0,0.426268187,0.302617206,3,6.902344236
0.081041777,0.054027851,0,1.106579663,0,0.422704037,0.352547153,3,4.903553312
0.044815466,0.067223199,0,1.882352941,0,0.389718805,0.413884007,3,4.565020596
0.087085256,0.057911696,0,0.96,0,0.420360533,0.351040669,3,11.41427518
0.082833599,0.124250399,0,1,0,0.401138962,0.30894344,3,12.78840085
0.067161231,0.044774154,0,1.254901961,0,0.389798516,0.413985339,3,4.782205536
0.124041692,0.082694461,0,0.666666667,0,0.401412697,0.309156689,3,16.10960674
0.075724416,0.050774753,0,1.10982659,0,0.414427033,0.375032829,3,6.940954892
0.10231066,0.0680626,0,0.813559322,0,0.421641306,0.324749642,3,13.5654403
0.132238922,0.088144843,0,0.666557484,0,0.418157405,0.273313986,3,14.14391066
0.047890687,0.071813921,0,1.879039705,0,0.414875741,0.375431149,3,2.331807832
0.0929743,0.061968248,0,0.95990566,0,0.426892378,0.328918516,3,6.8085755
0.088259531,0.132410981,0,1,0,0.417834063,0.273235894,3,9.561653168
0.058038052,0.087275266,0,1.443609023,0,0.404695409,0.366207017,3,6.883728384
0.109152779,0.072768519,0,0.813349321,0,0.426489835,0.302809528,3,9.731264264
0.054049288,0.081073932,0,1.659869494,0,0.422430895,0.35273112,3,3.31982694
0.050817015,0.075787445,0,1.655172414,0,0.398563105,0.390721514,3,6.280436884
0.068213417,0.102537365,0,1.222929936,0,0.40641293,0.339416058,3,9.694722036
0.062052611,0.093100874,0,1.44019816,0,0.426770893,0.328707567,3,4.827710952
0.13225256,0,0,0.619354839,0,0.431740614,0.354095563,3,11.85209244
0.139721401,0,0,0.580060423,0,0.432672014,0.34655973,3,14.306627
0.145054032,0,0,0.550143266,0,0.438902743,0.336242727,3,15.87173752
0.205086136,0,0,0.4,0,0.461443806,0.251435603,3,26.0621928
0.167391304,0,0,0.483116883,0,0.42,0.33173913,3,14.69962832
0.145781119,0,0,0.550143266,0,0.437343358,0.336675021,3,14.98920824
0.142304385,0,0,0.580060423,0,0.420464316,0.354686156,3,13.52062436
0.148630445,0,0,0.580060423,0,0.394701392,0.370453525,3,13.52062436
0.220318237,0,0,0.32037037,0,0.458996328,0.250101999,3,41.63745564
0.172141919,0,0,0.488549618,0,0.41173894,0.332019273,3,19.10537996
0.21411093,0,0,0.36,0,0.458809135,0.25,3,33.79811352
0.206097037,0,0,0.4,0,0.401889223,0.309574925,3,24.39366088
0.213100045,0,0,0.48,0,0.41812472,0.266487214,7,38.60376124
0.19179004,0.021310004,0,0.533333333,0,0.41812472,0.266487214,7,35.07640202
0.106550022,0.106550022,0,0.96,0,0.41812472,0.266487214,7,26.25800398
0.170480036,0.042620009,0,0.6,0,0.41812472,0.266487214,7,32.82319446
0.058290534,0.087435801,0,1.375358166,0,0.437179005,0.336924297,7,14.58931216
0.085349607,0.056899738,0,0.966767372,0,0.420473591,0.354763849,7,14.63826496
0.149170031,0.063930013,0,0.685714286,0,0.41812472,0.266487214,7,30.27558064
0.154150523,0.07798203,0,0.454812834,0.004162888,0.381708021,0.311886901,7,46.20178676
0.129553819,0.108423273,0,0.560165975,0.003556217,0.432907414,0.252987636,7,42.79577532
0.174144642,0.043556648,0,0.361176471,0.00676091,0.349149764,0.363491088,7,49.20100736
0.174108972,0.043547726,0,0.356235294,0.007619828,0.383449406,0.329250307,7,46.80163088
0.152222448,0.038075908,0,0.3376,0.009498681,0.345889994,0.402922671,7,45.69846928
0.196492099,0.049143708,0,0.381263158,0.003681641,0.352486142,0.323281211,7,55.59934464
0.191522378,0.047860176,0,0.293816631,0.013149298,0.347966351,0.343229337,7,54.89607912
0.174144642,0.043556648,0,0.361176471,0.00676091,0.349149764,0.363491088,7,49.20100736
0.159687693,0.039901377,0,0.406330417,0.004972262,0.350154099,0.380398603,7,34.90127512
0.217114135,0,0,0.266892528,0.011523845,0.348208083,0.365207797,7,46.89815752
0.174144642,0.043556648,0,0.361176471,0.00676091,0.349149764,0.363491088,7,49.20100736
0.130988578,0.087312022,0,0.488393977,0.005875586,0.350110938,0.361738845,7,33.39821744
0.163719338,0.038586912,0,0.366849179,0.004645098,0.385787629,0.347200717,7,54.09628696
0.149304126,0.077822614,0,0.454771098,0.004776414,0.388989541,0.311208103,7,55.89581932
0.134695406,0.117676431,0,0.5678097,0.004285952,0.392268642,0.27459221,7,49.80085148
0.155545537,0.061972293,0,0.405533597,0.006516928,0.464915157,0.247971145,7,47.09810556
0.149304126,0.077822614,0,0.454771098,0.004776414,0.388989541,0.311208103,7,55.89581932
0.116790405,0.08195317,0,0.505413902,0.004568818,0.409806641,0.327853471,7,37.99702236
0.149304126,0.077822614,0,0.454771098,0.004776414,0.388989541,0.311208103,7,55.89581932
0.182468099,0.073569143,0,0.423690205,0.004613658,0.367804148,0.294235006,7,56.09576736
0.159318433,0.077227966,0,0.374198512,0.008989499,0.386017243,0.308830139,7,59.09498796
0.149304126,0.077822614,0,0.454771098,0.004776414,0.388989541,0.311208103,7,22.89749796
0.140102828,0.078364707,0,0.51760876,0.003938967,0.391699146,0.313375902,7,35.10122316
0.218603354,0.009993296,0.15047619,0.308571429,0.004834257,0.402646558,0.296467786,7,52.00717468
0.218600623,0.009993171,0.15047619,0.308571429,0.004846688,0.402641528,0.296464083,7,38.01770664
0.218600623,0.009993171,0.15047619,0.308571429,0.004846688,0.402641528,0.296464083,7,39.300132
0.195901145,0.008145578,0.195426195,0.326403326,0.005832234,0.382027597,0.344150661,7,36.83870268
0.195932267,0.008146872,0.195426195,0.326403326,0.005674296,0.382088288,0.344205334,7,45.89841732
0.196117605,0.008154578,0.195426195,0.326403326,0.004733733,0.382449717,0.344530928,7,41.66503468
0.252163307,0.010677925,0.200325733,0.342019544,0.001614009,0.362228072,0.287071908,7,33.48883428
0.259517399,0.010989336,0.200325733,0.327361564,0.00166108,0.347432088,0.295444075,7,37.92118
0.237964802,0.009415873,0.237410072,0.320143885,0.003629391,0.351811272,0.320995686,7,39.00464228
0.238942465,0.009454558,0.237410072,0.302158273,0.003833393,0.353256665,0.322314476,7,40.28509772
0.14882502,0.004772814,0.411078717,0.60058309,0.000746295,0.40872644,0.347547641,7,15.06997543
0.187434398,0.006615332,0.331764706,0.421176471,0.002407981,0.371340619,0.353258712,7,24.13166
0.206023297,0.007828885,0.282,0.308,0.004495428,0.388147892,0.330049322,7,35.75425543
0.206023297,0.007828885,0.282,0.308,0.004495428,0.388147892,0.330049322,7,38.610656
0.206860886,0,0,0.4,0,0.40346492,0.30692984,7,34.56963716
0.111753879,0,0,0.752941176,0,0.389955298,0.414146726,7,10.22217118
0.126228434,0,0,0.664359862,0,0.398864381,0.39104608,7,14.5968964
0.144858187,0,0,0.576576577,0,0.405080912,0.366539064,7,23.4049523
0.170041537,0,0,0.488549618,0,0.406974732,0.339910003,7,27.74244581
0.067356634,0.101034951,0,1.169395466,0,0.441381065,0.311460808,7,9.617500724
0.100225885,0.150338827,0,0.775041736,0,0.393876014,0.27788003,7,25.42235907
0.101034951,0.067356634,0,0.779596977,0,0.441381065,0.311460808,7,15.69109481
0.108152726,0.072087707,0,0.726810176,0,0.434558077,0.306594988,7,17.23621052
0.115246504,0.076845085,0,0.680718475,0,0.427696337,0.301761649,7,19.76520849
0.162399694,0,0,0.485490196,0,0.444869019,0.313887827,7,24.0654703
0.088574071,0.132882125,0,0.881347888,0,0.410711283,0.28976795,7,21.81984697
0.126291521,0,0,0.627789047,0,0.465972163,0.328451883,7,14.8437288
0.086214201,0.057490256,0,0.912530713,0,0.455939671,0.321682766,7,11.95758227
0.168391585,0,0,0.467758186,0,0.441381065,0.311460808,7,25.44786968
0.093837654,0.062558436,0,0.841032609,0,0.448363791,0.316319592,7,13.08901238
0.057490256,0.086214201,0,1.368459838,0,0.455939671,0.321682766,7,7.507014688
0.144438767,0,0,0.547464623,0,0.455288707,0.321197411,7,21.17932377
0.081580168,0.122349172,0,0.959689922,0,0.420844049,0.296934947,7,17.20035777
0.122349172,0.081580168,0,0.639903515,0,0.420844049,0.296934947,7,21.8591471
0.076845085,0.115246504,0,1.020890599,0,0.427696337,0.301761649,7,12.37264682
0.095561423,0.143384048,0,0.814473684,0,0.400603546,0.282618718,7,21.91706309
0.15529316,0,0,0.486890404,0,0.4497557,0.319340391,7,14.54104884
0.079447028,0.052950463,0,0.997314715,0,0.462260528,0.32610829,7,7.995853172
0.102105579,0,0,0.779924402,0,0.479780437,0.338479352,7,10.33593472
0.108178741,0,0,0.735445545,0,0.47624352,0.336018165,7,11.48391226
0.132882125,0.088574071,0,0.587472319,0,0.410711283,0.28976795,7,24.43778734
0.075274045,0.06873232,0,1.090428655,0,0.453765912,0.320146747,7,10.73031499
0.148358862,0,0,0.581120944,0,0.423632385,0.341794311,7,20.96696516
0.103418054,0,0,0.81779661,0,0.424189308,0.387817704,7,9.99050724
0.085106383,0,0,0.9,0,0.478723404,0.359574468,7,7.83934212
0.095663265,0,0,0.804444444,0,0.473214286,0.354166667,7,11.1695112
0.138004246,0,0,0.566153846,0,0.451380042,0.332484076,7,17.54026944
0.11682243,0,0,0.665454545,0,0.462192014,0.34324554,7,14.2032056
0.127442651,0,0,0.613333333,0,0.456669499,0.337723025,7,15.57526284
0.159100552,0,0,0.496,0,0.440390327,0.321595248,7,26.0621928
0.169707255,0,0,0.4675,0,0.434874841,0.316079762,7,30.14389072
0.106292517,0,0,0.728,0,0.467687075,0.348639456,7,12.73462172
0.148556876,0,0,0.531428571,0,0.445670628,0.326825127,7,20.27748916
0.088259531,0.132410981,0,1,0,0.417834063,0.273235894,7,19.53906036
0.132238922,0.088144843,0,0.666557484,0,0.418157405,0.273313986,7,25.89396066
0.062052611,0.093100874,0,1.44019816,0,0.426770893,0.328707567,7,10.3938507
0.109152779,0.072768519,0,0.813349321,0,0.426489835,0.302809528,7,19.35014394
0.075724416,0.050774753,0,1.10982659,0,0.414427033,0.375032829,7,11.39221195
0.10231066,0.0680626,0,0.813559322,0,0.421641306,0.324749642,7,20.41607384
0.0929743,0.061968248,0,0.95990566,0,0.426892378,0.328918516,7,15.0305768
0.072879801,0.109319701,0,1.220023981,0,0.426268187,0.302617206,7,15.74832132
0.044815466,0.067223199,0,1.882352941,0,0.389718805,0.413884007,7,7.675936308
0.058038052,0.087275266,0,1.443609023,0,0.404695409,0.366207017,7,13.66403537
0.068213417,0.102537365,0,1.222929936,0,0.40641293,0.339416058,7,16.8894041
0.124041692,0.082694461,0,0.666666667,0,0.401412697,0.309156689,7,23.52354217
0.081041777,0.054027851,0,1.106579663,0,0.422704037,0.352547153,7,10.7875415
0.047890687,0.071813921,0,1.879039705,0,0.414875741,0.375431149,7,7.723510152
0.087085256,0.057911696,0,0.96,0,0.420360533,0.351040669,7,17.16588397
0.082833599,0.124250399,0,1,0,0.401138962,0.30894344,7,21.48062478
0.067161231,0.044774154,0,1.254901961,0,0.389798516,0.413985339,7,8.374375496
0.050817015,0.075787445,0,1.655172414,0,0.398563105,0.390721514,7,10.08979178
0.054049288,0.081073932,0,1.659869494,0,0.422430895,0.35273112,7,10.35455057
0.13225256,0,0,0.619354839,0,0.431740614,0.354095563,7,17.24379476
0.139721401,0,0,0.580060423,0,0.432672014,0.34655973,7,17.43684804
0.145054032,0,0,0.550143266,0,0.438902743,0.336242727,7,9.01145132
0.102058319,0,0,0.781512605,0,0.479845626,0.338336192,7,12.05204048
0.126441692,0,0,0.628378378,0,0.465612986,0.328492097,7,18.91232668
0.131590607,0,0,0.626262626,0,0.460788658,0.325210456,7,30.9574724
0.119829424,0,0,0.661921708,0,0.470788913,0.330063966,7,14.49968028
0.205086136,0,0,0.4,0,0.461443806,0.251435603,7,33.21205892
0.220318237,0,0,0.32037037,0,0.458996328,0.250101999,7,52.61391356
0.152041703,0,0,0.58,0,0.423110339,0.336663771,7,18.12632404
0.167391304,0,0,0.483116883,0,0.42,0.33173913,7,23.22155168
0.162276975,0,0,0.486910995,0,0.444774851,0.31393373,7,24.00065956
0.155095412,0,0,0.486910995,0,0.451075924,0.318311003,7,11.46598588
0.14443971,0,0,0.545722714,0,0.455475075,0.321261184,7,21.16001844
0.127264884,0,0,0.627118644,0,0.461173425,0.33175151,7,14.79615496
0.126603935,0,0,0.648648649,0,0.464071856,0.327202737,7,14.2032056
0.142304385,0,0,0.580060423,0,0.420464316,0.354686156,7,16.26473884
0.145781119,0,0,0.550143266,0,0.437343358,0.336675021,7,18.12632404
0.10806175,0,0,0.734126984,0,0.476415094,0.33619211,7,13.71367764
0.162345941,0,0,0.484293194,0,0.444963876,0.314067148,7,24.00065956
0.108015431,0,0,0.738095238,0,0.476210887,0.336048007,7,11.46598588
0.133505599,0,0,0.619354839,0,0.417743325,0.366063738,7,14.98920824
0.21411093,0,0,0.36,0,0.458809135,0.25,7,42.42345828
0.212195122,0,0,0.279693487,0,0.364227642,0.364227642,7,50.51101176
0.135747049,0,0.303012256,0.593329781,0.001897727,0.411491886,0.370320571,14,24.44881896
0.140937071,0,0.288011206,0.602606657,0.001960046,0.406446737,0.365726528,14,22.13907436
0.124002352,0,0.340514905,0.56104336,0.003142065,0.422750567,0.380534319,14,24.98661024
0.132806723,0,0.396735004,0.5129714,0.003264706,0.457983193,0.337819328,14,21.0634918
0.141597464,0,0.364470017,0.540351824,0.002414485,0.448780239,0.330695363,14,20.91870184
0.149068855,0,0.339697944,0.561243827,0.001981707,0.440598022,0.324687442,14,20.08443588
0.132686275,0,0.396741886,0.512962728,0.004154857,0.457580931,0.337514824,14,22.7182342
0.140212857,0,0.49571897,0.535766335,0.001911452,0.450659855,0.332094508,14,25.48303296
0.141777842,0.01798183,0.493791066,0.366960034,0.002444298,0.45240883,0.333360397,14,17.8229546
0.100263886,0.041266314,0.102883768,0.762750283,0.002887169,0.44856336,0.330542965,14,30.38520732
0.100275644,0.041266702,0.102904146,0.762716132,0.002798527,0.448605997,0.330571278,14,17.83674412
0.148972346,0,0.339696412,0.561263799,0.002625346,0.440312986,0.324476537,14,22.31833812
0.143003522,0,0.283327312,0.561958092,0.003013682,0.408960969,0.364659841,14,25.68987576
0.14668579,0,0.276808701,0.542162053,0.002346531,0.406022057,0.365418154,14,24.91766264
0.130789906,0,0.320783662,0.509188533,0.003640833,0.421266475,0.377706067,14,26.31040416
0.130930815,0,0.320775818,0.509170501,0.004338422,0.419952558,0.378112096,14,25.3727168
0.140997086,0,0.370508938,0.472118297,0.003282312,0.45441605,0.334737248,14,31.35047372
0.149170501,0,0.344171831,0.492288536,0.00283676,0.445945375,0.328612436,14,26.77235308
0.157295625,0,0.319959961,0.509820366,0.00244684,0.437622608,0.322442414,14,29.93015316
0.157255474,0,0.319959961,0.509820366,0.002701472,0.437510902,0.322360108,14,24.42813468
0.147689216,0,0.479376561,0.486782055,0.003204829,0.447489126,0.329724368,14,21.60128308
0.128400495,0.019094722,0.401203908,0.559882899,0.003459097,0.447444112,0.329712333,14,21.50475644
0.123088358,0.01772862,0.423873367,0.540135776,0.00454763,0.453839241,0.334311725,14,23.5111316
0.161714501,0,0.248829328,0.43484335,0.003936909,0.402133713,0.361894402,14,34.67374804
0.156252347,0,0.260095075,0.428907168,0.004936613,0.40640466,0.365388628,14,41.885667
0.164012405,0,0.244384822,0.438328862,0.003717363,0.400293366,0.360085495,14,35.2322236
0.145591887,0,0.284122246,0.415465529,0.005111755,0.416390728,0.372417219,14,33.35684888
0.14520795,0,0.283886733,0.454535001,0.005343285,0.41233464,0.371112029,14,28.6822016
0.146994661,0,0.281290947,0.416595454,0.005933215,0.413591542,0.372243274,14,42.29245784
0.154007015,0,0.336317926,0.385308274,0.004965029,0.450041203,0.331646576,14,42.21661548
0.165388627,0,0.306114727,0.40230059,0.004130335,0.439567775,0.324377321,14,38.76923548
0.174590678,0,0.283433808,0.421509525,0.004007965,0.430603679,0.317206044,14,36.9903874
0.163002249,0,0.449804366,0.398450371,0.004263032,0.442037864,0.325748548,14,33.72916592
0.162793529,0,0.449373291,0.398746583,0.004895478,0.441810571,0.325587058,14,33.70158688
0.124879943,0.040496456,0.081087353,0.532736615,0.004632543,0.439532689,0.323930251,14,47.7117392
0.141462063,0.022600179,0.361919242,0.411537674,0.00492621,0.444930677,0.327863903,14,35.9561734
0.143271607,0.022886702,0.361916922,0.462098043,0.004088127,0.431486657,0.332061377,14,38.60376124
0.14372216,0,0.361916147,0.462096915,0.004747717,0.452017885,0.333098671,14,26.04840328
0.159561376,0,0,0.570744681,0,0.42585064,0.323519177,14,25.62092816
0.129711211,8.40725E-06,0.465275302,0.530868198,0,0.422716382,0.378704443,14,16.87837248
0.125829049,0.054422864,0.444631437,0.589229216,0.003422076,0.42598067,0.31620319,14,33.08795324
0.12547588,0.054906008,0.399824697,0.606614301,0.001510127,0.426092621,0.3158999,14,34.23937816
0.125303765,0.054995301,0.434571071,0.592830354,0.003298025,0.426033649,0.316085385,14,31.81242264
0.144733749,0.005713782,0.499985497,0.454706309,0.001738064,0.422467212,0.359535844,14,29.7508894
0.146563009,0.021135444,0.499985594,0.474745729,0.002732194,0.424904774,0.335084415,14,33.00521612
0.141601024,0.031966219,0.5,0.491107784,0.003353485,0.427050035,0.326487871,14,32.90179472
0.14122601,0.039514167,0.479158551,0.516436427,0.004117734,0.426246852,0.315960981,14,29.55094136
0.133135857,0,0.396741886,0.528048935,0.004168935,0.455291551,0.337101409,14,19.41564416
0.147167257,0,0.276808701,0.554948075,0.002269089,0.40396601,0.364927457,14,24.65566176
0.163320149,0,0.449373291,0.410610203,0.004911314,0.439575251,0.325132365,14,29.59230992
0.124417845,0,0.340514905,0.57645664,0.003152593,0.420626725,0.380081344,14,24.28334472
0.156214738,0,0.319959961,0.52196732,0.002430026,0.441039121,0.318777126,14,20.72564856
0.148358862,0,0,0.581120944,0,0.423632385,0.341794311,14,27.04124872
0.103372755,0,0,0.822033898,0,0.424003504,0.387647832,14,12.83804312
0.120855148,0,0,0.689530686,0,0.422338569,0.373472949,14,21.26343984
0.205086136,0,0,0.4,0,0.461443806,0.251435603,14,36.93522932
0.220318237,0,0,0.32037037,0,0.458996328,0.250101999,14,59.76377968
0.152041703,0,0,0.58,0,0.423110339,0.336663771,14,22.53207568
0.167391304,0,0,0.483116883,0,0.42,0.33173913,14,27.923778
0.131533101,0,0,0.67218543,0,0.424216028,0.355836237,14,18.12632404
0.21411093,0,0,0.36,0,0.458809135,0.25,14,48.4012152
0.140060896,0,0,0.630434783,0,0.423662462,0.347977381,14,20.77391188
0.223094402,0,0,0.3,0.001032844,0.429663293,0.27928114,28,79.98611076
0.221720386,0,0,0.3,0.001026483,0.433175939,0.277561076,28,61.88736576
0.170480036,0.042620009,0,0.6,0,0.41812472,0.266487214,28,36.44776979
0.120361991,0.05158371,0,0.857142857,0,0.421719457,0.303167421,28,45.85429086
0.213100045,0,0,0.48,0,0.41812472,0.266487214,28,39.28978986
0.085349607,0.056899738,0,0.966767372,0,0.420473591,0.354763849,28,28.02168359
0.137556561,0.03438914,0,0.75,0,0.421719457,0.303167421,28,47.81378165
0.058290534,0.087435801,0,1.375358166,0,0.437179005,0.336924297,28,28.23748958
0.19179004,0.021310004,0,0.533333333,0,0.41812472,0.266487214,28,37.42751518
0.106550022,0.106550022,0,0.96,0,0.41812472,0.266487214,28,30.07976945
0.149170031,0.063930013,0,0.685714286,0,0.41812472,0.266487214,28,33.01900564
0.085972851,0.085972851,0,1.2,0,0.421719457,0.303167421,28,40.85696881
0.190121521,0,0,0.301030928,0,0.439043512,0.313602509,28,71.98818916
0.154150523,0.07798203,0,0.454812834,0.004162888,0.381708021,0.311886901,28,61.09446836
0.129553819,0.108423273,0,0.560165975,0.003556217,0.432907414,0.252987636,28,59.79825348
0.174144642,0.043556648,0,0.361176471,0.00676091,0.349149764,0.363491088,28,60.2946762
0.174108972,0.043547726,0,0.356235294,0.007619828,0.383449406,0.329250307,28,61.79773388
0.152222448,0.038075908,0,0.3376,0.009498681,0.345889994,0.402922671,28,56.69561148
0.196492099,0.049143708,0,0.381263158,0.003681641,0.352486142,0.323281211,28,68.29949256
0.191522378,0.047860176,0,0.293816631,0.013149298,0.347966351,0.343229337,28,66.89985628
0.174144642,0.043556648,0,0.361176471,0.00676091,0.349149764,0.363491088,28,60.2946762
0.159687693,0.039901377,0,0.406330417,0.004972262,0.350154099,0.380398603,28,50.69717028
0.217114135,0,0,0.266892528,0.011523845,0.348208083,0.365207797,28,56.3991368
0.174144642,0.043556648,0,0.361176471,0.00676091,0.349149764,0.363491088,28,60.2946762
0.130988578,0.087312022,0,0.488393977,0.005875586,0.350110938,0.361738845,28,55.49592324
0.163719338,0.038586912,0,0.366849179,0.004645098,0.385787629,0.347200717,28,68.4994406
0.149304126,0.077822614,0,0.454771098,0.004776414,0.388989541,0.311208103,28,71.29871316
0.134695406,0.117676431,0,0.5678097,0.004285952,0.392268642,0.27459221,28,74.69782984
0.155545537,0.061972293,0,0.405533597,0.006516928,0.464915157,0.247971145,28,52.20022796
0.149304126,0.077822614,0,0.454771098,0.004776414,0.388989541,0.311208103,28,71.29871316
0.116790405,0.08195317,0,0.505413902,0.004568818,0.409806641,0.327853471,28,67.69964844
0.149304126,0.077822614,0,0.454771098,0.004776414,0.388989541,0.311208103,28,71.29871316
0.182468099,0.073569143,0,0.423690205,0.004613658,0.367804148,0.294235006,28,65.99664272
0.159318433,0.077227966,0,0.374198512,0.008989499,0.386017243,0.308830139,28,74.4978818
0.149304126,0.077822614,0,0.454771098,0.004776414,0.388989541,0.311208103,28,71.29871316
0.140102828,0.078364707,0,0.51760876,0.003938967,0.391699146,0.313375902,28,49.89737812
0.135747049,0,0.303012256,0.593329781,0.001897727,0.411491886,0.370320571,28,24.8900836
0.140937071,0,0.288011206,0.602606657,0.001960046,0.406446737,0.365726528,28,22.83544512
0.124002352,0,0.340514905,0.56104336,0.003142065,0.422750567,0.380534319,28,25.72434956
0.132806723,0,0.396735004,0.5129714,0.003264706,0.457983193,0.337819328,28,26.40003604
0.141597464,0,0.364470017,0.540351824,0.002414485,0.448780239,0.330695363,28,24.90387312
0.149068855,0,0.339697944,0.561243827,0.001981707,0.440598022,0.324687442,28,24.48329276
0.132686275,0,0.396741886,0.512962728,0.004154857,0.457580931,0.337514824,28,28.46846404
0.140212857,0,0.49571897,0.535766335,0.001911452,0.450659855,0.332094508,28,21.53923024
0.141777842,0.01798183,0.493791066,0.366960034,0.002444298,0.45240883,0.333360397,28,24.24197616
0.100263886,0.041266314,0.102883768,0.762750283,0.002887169,0.44856336,0.330542965,28,45.70536404
0.100275644,0.041266702,0.102904146,0.762716132,0.002798527,0.448605997,0.330571278,28,40.2309246
0.148972346,0,0.339696412,0.561263799,0.002625346,0.440312986,0.324476537,28,24.53845084
0.143003522,0,0.283327312,0.561958092,0.003013682,0.408960969,0.364659841,28,30.2335226
0.14668579,0,0.276808701,0.542162053,0.002346531,0.406022057,0.365418154,28,29.21999288
0.130789906,0,0.320783662,0.509188533,0.003640833,0.421266475,0.377706067,28,31.64005364
0.130930815,0,0.320775818,0.509170501,0.004338422,0.419952558,0.378112096,28,37.404073
0.140997086,0,0.370508938,0.472118297,0.003282312,0.45441605,0.334737248,28,38.50033984
0.149170501,0,0.344171831,0.492288536,0.00283676,0.445945375,0.328612436,28,33.72916592
0.157295625,0,0.319959961,0.509820366,0.00244684,0.437622608,0.322442414,28,29.65436276
0.157255474,0,0.319959961,0.509820366,0.002701472,0.437510902,0.322360108,28,32.66047812
0.147689216,0,0.479376561,0.486782055,0.003204829,0.447489126,0.329724368,28,27.77209328
0.128400495,0.019094722,0.401203908,0.559882899,0.003459097,0.447444112,0.329712333,28,31.2677366
0.123088358,0.01772862,0.423873367,0.540135776,0.00454763,0.453839241,0.334311725,28,31.11605188
0.161714501,0,0.248829328,0.43484335,0.003936909,0.402133713,0.361894402,28,34.73580088
0.156252347,0,0.260095075,0.428907168,0.004936613,0.40640466,0.365388628,28,48.28400428
0.164012405,0,0.244384822,0.438328862,0.003717363,0.400293366,0.360085495,28,39.94134468
0.145591887,0,0.284122246,0.415465529,0.005111755,0.416390728,0.372417219,28,33.94290348
0.14520795,0,0.283886733,0.454535001,0.005343285,0.41233464,0.371112029,28,30.84715624
0.146994661,0,0.281290947,0.416595454,0.005933215,0.413591542,0.372243274,28,50.60064364
0.154007015,0,0.336317926,0.385308274,0.004965029,0.450041203,0.331646576,28,52.5035974
0.165388627,0,0.306114727,0.40230059,0.004130335,0.439567775,0.324377321,28,51.3314882
0.174590678,0,0.283433808,0.421509525,0.004007965,0.430603679,0.317206044,28,47.401475
0.163002249,0,0.449804366,0.398450371,0.004263032,0.442037864,0.325748548,28,40.14818748
0.162793529,0,0.449373291,0.398746583,0.004895478,0.441810571,0.325587058,28,45.93978588
0.124879943,0.040496456,0.081087353,0.532736615,0.004632543,0.439532689,0.323930251,28,63.14221208
0.141462063,0.022600179,0.361919242,0.411537674,0.00492621,0.444930677,0.327863903,28,55.50971276
0.143271607,0.022886702,0.361916922,0.462098043,0.004088127,0.431486657,0.332061377,28,52.20022796
0.14372216,0,0.361916147,0.462096915,0.004747717,0.452017885,0.333098671,28,30.21973308
0.159561376,0,0,0.570744681,0,0.42585064,0.323519177,28,31.97100212
0.203004466,0,0,0.28,0.001624036,0.392204629,0.346325619,28,67.568648
0.220944185,0,0.110486891,0.265917603,0.000786131,0.454300964,0.265215772,28,57.226508
0.127123774,0.055288753,0,0.46031746,0.002381048,0.456031317,0.300657815,28,81.75116932
0.233471074,0,0.10619469,0.345132743,0,0.425619835,0.260330579,28,64.0178466
0.18774066,0,0,0.365853659,0.00468311,0.4287647,0.310125924,28,78.80021204
0.225406255,0,0,0.313953488,0.003582037,0.349903897,0.35034073,28,41.36856
0.216198237,0,0,0.326923077,0.002161982,0.355479794,0.355479794,28,60.28088668
0.223742086,0,0,0.350378788,0.002906952,0.389853635,0.305102845,28,56.83350668
0.218928932,0,0,0.336538462,0.002189289,0.366284944,0.338918828,28,51.021224
0.219831224,0,0.261036468,0.303262956,0.008438819,0.381012658,0.324050633,28,55.55108132
0.204900234,0,0,0.399920016,0.001229156,0.460687508,0.251239399,28,44.13335876
0.184414307,0.020485926,0,0.444345701,0.001229156,0.460687508,0.251239399,28,39.37597436
0.235169492,0.007288136,0.284684685,0.300900901,0.008813559,0.409745763,0.268220339,28,55.64760796
0.211387658,0.007458234,0.328629032,0.336693548,0.007628708,0.424480055,0.277872486,28,47.27736932
0.212628031,0.007606206,0.321138211,0.384146341,0.006612213,0.417909158,0.273564113,28,44.32641204
0.169102296,0,0,0.432098765,0,0.467640919,0.290187891,28,52.30364936
0.083507307,0.083507307,0,0.95,0,0.478079332,0.275574113,28,49.24927068
0.225400348,0,0,0.313953488,0.003608153,0.349894726,0.350331548,28,41.36856
0.115652517,0.050817015,0.450757576,0.696969697,0.002497043,0.364918737,0.385508389,28,29.15794004
0.12253411,0.055618319,0.432624113,0.645390071,0.002780916,0.35804293,0.381941427,28,39.39665864
0.10060838,0.067072253,0,0.807692308,0.002515209,0.421781284,0.326762259,28,39.300132
0.146593299,0.07648346,0.275362319,0.460869565,0.004015382,0.365420978,0.339926491,28,67.86512268
0.201912859,0,0,0.341052632,0.004038257,0.443783209,0.281402763,28,58.52272288
0.120680894,0.08045393,0,0.571929825,0.003218157,0.436568428,0.290057588,28,53.57917996
0.150717815,0.050380393,0,0.449438202,0.003822983,0.449189892,0.278150574,28,58.99846132
0.168634064,0.076845903,0.303797468,0.410126582,0.004418639,0.354344995,0.326595086,28,76.23536132
0.212947189,0,0,0.302,0.003833049,0.439948893,0.278960818,28,69.83702404
0.129711211,8.40725E-06,0.465275302,0.530868198,0,0.422716382,0.378704443,28,26.200088
0.125829049,0.054422864,0.444631437,0.589229216,0.003422076,0.42598067,0.31620319,28,46.38794528
0.12547588,0.054906008,0.399824697,0.606614301,0.001510127,0.426092621,0.3158999,28,39.1622368
0.125303765,0.054995301,0.434571071,0.592830354,0.003298025,0.426033649,0.316085385,28,41.20308576
0.144733749,0.005713782,0.499985497,0.454706309,0.001738064,0.422467212,0.359535844,28,33.68779736
0.146563009,0.021135444,0.499985594,0.474745729,0.002732194,0.424904774,0.335084415,28,38.20386516
0.141601024,0.031966219,0.5,0.491107784,0.003353485,0.427050035,0.326487871,28,41.40992856
0.14122601,0.039514167,0.479158551,0.516436427,0.004117734,0.426246852,0.315960981,28,37.81086384
0.133135857,0,0.396741886,0.528048935,0.004168935,0.455291551,0.337101409,28,24.84871504
0.147167257,0,0.276808701,0.554948075,0.002269089,0.40396601,0.364927457,28,27.22051248
0.163320149,0,0.449373291,0.410610203,0.004911314,0.439575251,0.325132365,28,44.63667624
0.124417845,0,0.340514905,0.57645664,0.003152593,0.420626725,0.380081344,28,37.2661778
0.156214738,0,0.319959961,0.52196732,0.002430026,0.441039121,0.318777126,28,33.27411176
0.218603354,0.009993296,0.15047619,0.308571429,0.004834257,0.402646558,0.296467786,28,57.02655996
0.218600623,0.009993171,0.15047619,0.308571429,0.004846688,0.402641528,0.296464083,28,44.42293868
0.218600623,0.009993171,0.15047619,0.308571429,0.004846688,0.402641528,0.296464083,28,51.021224
0.21872266,0.00999875,0.15047619,0.308571429,0.00429113,0.402866308,0.296629588,28,53.38612668
0.195901145,0.008145578,0.195426195,0.326403326,0.005832234,0.382027597,0.344150661,28,50.23522136
0.195932267,0.008146872,0.195426195,0.326403326,0.005674296,0.382088288,0.344205334,28,46.68441996
0.196117605,0.008154578,0.195426195,0.326403326,0.004733733,0.382449717,0.344530928,28,46.68441996
0.18320883,0.007701256,0.21460177,0.32079646,0.005321973,0.391953403,0.353041794,28,44.02993736
0.183274202,0.007704004,0.21460177,0.32079646,0.004967055,0.392093259,0.353167765,28,55.45455468
0.252163307,0.010677925,0.200325733,0.342019544,0.001614009,0.362228072,0.287071908,28,55.55108132
0.259517399,0.010989336,0.200325733,0.327361564,0.00166108,0.347432088,0.295444075,28,57.915984
0.237964802,0.009415873,0.237410072,0.320143885,0.003629391,0.351811272,0.320995686,28,62.05284
0.238942465,0.009454558,0.237410072,0.302158273,0.003833393,0.353256665,0.322314476,28,72.09850532
0.14882502,0.004772814,0.411078717,0.60058309,0.000746295,0.40872644,0.347547641,28,21.96670536
0.187434398,0.006615332,0.331764706,0.421176471,0.002407981,0.371340619,0.353258712,28,43.73346268
0.206023297,0.007828885,0.282,0.308,0.004495428,0.388147892,0.330049322,28,62.93536928
0.206023297,0.007828885,0.282,0.308,0.004495428,0.388147892,0.330049322,28,59.49488404
0.19709778,0,0,0.5,0,0.379006374,0.325346955,28,23.84897484
0.170041537,0,0,0.488549618,0,0.406974732,0.339910003,28,39.60488039
0.206860886,0,0,0.4,0,0.40346492,0.30692984,28,43.94237391
0.111753879,0,0,0.752941176,0,0.389955298,0.414146726,28,18.74616296
0.144858187,0,0,0.576576577,0,0.405080912,0.366539064,28,31.96686526
0.126228434,0,0,0.664359862,0,0.398864381,0.39104608,28,25.57335432
0.076845085,0.115246504,0,1.020890599,0,0.427696337,0.301761649,28,27.93549909
0.081580168,0.122349172,0,0.959689922,0,0.420844049,0.296934947,28,32.6266938
0.100225885,0.150338827,0,0.775041736,0,0.393876014,0.27788003,28,39.4352693
0.093837654,0.062558436,0,0.841032609,0,0.448363791,0.316319592,28,25.74503384
0.168391585,0,0,0.467758186,0,0.441381065,0.311460808,28,33.08243743
0.067356634,0.101034951,0,1.169395466,0,0.441381065,0.311460808,28,21.0662497
0.108152726,0.072087707,0,0.726810176,0,0.434558077,0.306594988,28,32.05167081
0.15529316,0,0,0.486890404,0,0.4497557,0.319340391,28,22.48932817
0.126291521,0,0,0.627789047,0,0.465972163,0.328451883,28,25.21689522
0.095561423,0.143384048,0,0.814473684,0,0.400603546,0.282618718,28,39.6993386
0.132882125,0.088574071,0,0.587472319,0,0.410711283,0.28976795,28,38.70028788
0.102105579,0,0,0.779924402,0,0.479780437,0.338479352,28,17.57612219
0.057490256,0.086214201,0,1.368459838,0,0.455939671,0.321682766,28,18.19871902
0.086214201,0.057490256,0,0.912530713,0,0.455939671,0.321682766,28,22.62998127
0.075274045,0.06873232,0,1.090428655,0,0.453765912,0.320146747,28,25.72641799
0.088574071,0.132882125,0,0.881347888,0,0.410711283,0.28976795,28,37.81362174
0.122349172,0.081580168,0,0.639903515,0,0.420844049,0.296934947,28,33.0431373
0.101034951,0.067356634,0,0.779596977,0,0.441381065,0.311460808,28,26.91369566
0.144438767,0,0,0.547464623,0,0.455288707,0.321197411,28,31.89998609
0.108178741,0,0,0.735445545,0,0.47624352,0.336018165,28,19.76520849
0.162399694,0,0,0.485490196,0,0.444869019,0.313887827,28,37.43785732
0.079447028,0.052950463,0,0.997314715,0,0.462260528,0.32610829,28,17.59680647
0.115246504,0.076845085,0,0.680718475,0,0.427696337,0.301761649,28,31.38150014
0.148358862,0,0,0.581120944,0,0.423632385,0.341794311,28,32.03994972
0.103372755,0,0,0.822033898,0,0.424003504,0.387647832,28,18.41590396
0.120855148,0,0,0.689530686,0,0.422338569,0.373472949,28,25.96566616
0.134649123,0,0,0.628664495,0,0.424561404,0.356140351,28,27.53077668
0.085106383,0,0,0.9,0,0.478723404,0.359574468,28,12.24509376
0.095663265,0,0,0.804444444,0,0.473214286,0.354166667,28,17.3403214
0.138004246,0,0,0.566153846,0,0.451380042,0.332484076,28,30.57136584
0.11682243,0,0,0.665454545,0,0.462192014,0.34324554,28,24.49708228
0.127442651,0,0,0.613333333,0,0.456669499,0.337723025,28,26.84819544
0.159100552,0,0,0.496,0,0.440390327,0.321595248,28,38.21075992
0.169707255,0,0,0.4675,0,0.434874841,0.316079762,28,43.69898888
0.106292517,0,0,0.728,0,0.467687075,0.348639456,28,20.87043852
0.148556876,0,0,0.531428571,0,0.445670628,0.326825127,28,34.29453624
0.062052611,0.093100874,0,1.44019816,0,0.426770893,0.328707567,28,29.89223198
0.054049288,0.081073932,0,1.659869494,0,0.422430895,0.35273112,28,24.29092896
0.072879801,0.109319701,0,1.220023981,0,0.426268187,0.302617206,28,33.94772981
0.047890687,0.071813921,0,1.879039705,0,0.414875741,0.375431149,28,20.59395864
0.068213417,0.102537365,0,1.222929936,0,0.40641293,0.339416058,28,33.66435518
0.058038052,0.087275266,0,1.443609023,0,0.404695409,0.366207017,28,27.8748252
0.082833599,0.124250399,0,1,0,0.401138962,0.30894344,28,39.32150576
0.132238922,0.088144843,0,0.666557484,0,0.418157405,0.273313986,28,43.37700359
0.124041692,0.082694461,0,0.666666667,0,0.401412697,0.309156689,28,38.80439876
0.0929743,0.061968248,0,0.95990566,0,0.426892378,0.328918516,28,33.00383717
0.044815466,0.067223199,0,1.882352941,0,0.389718805,0.413884007,28,17.27551066
0.075724416,0.050774753,0,1.10982659,0,0.414427033,0.375032829,28,24.28196577
0.081041777,0.054027851,0,1.106579663,0,0.422704037,0.352547153,28,24.04616498
0.067161231,0.044774154,0,1.254901961,0,0.389798516,0.413985339,28,17.96429718
0.10231066,0.0680626,0,0.813559322,0,0.421641306,0.324749642,28,32.88455782
0.050817015,0.075787445,0,1.655172414,0,0.398563105,0.390721514,28,22.34798559
0.088259531,0.132410981,0,1,0,0.417834063,0.273235894,28,41.68434001
0.087085256,0.057911696,0,0.96,0,0.420360533,0.351040669,28,30.43967592
0.109152779,0.072768519,0,0.813349321,0,0.426489835,0.302809528,28,36.96418731
0.13225256,0,0,0.619354839,0,0.431740614,0.354095563,28,27.82725136
0.139721401,0,0,0.580060423,0,0.432672014,0.34655973,28,31.74347504
0.145054032,0,0,0.550143266,0,0.438902743,0.336242727,28,33.60506024
0.102058319,0,0,0.781512605,0,0.479845626,0.338336192,28,17.54026944
0.126441692,0,0,0.628378378,0,0.465612986,0.328492097,28,25.17966352
0.206097037,0,0,0.4,0,0.401889223,0.309574925,28,43.89204216
0.168434451,0,0,0.468513854,0,0.441238863,0.311412813,28,36.93522932
0.119880546,0,0,0.658362989,0,0.470989761,0.330204778,28,22.43554904
0.205086136,0,0,0.4,0,0.461443806,0.251435603,28,44.0919902
0.220318237,0,0,0.32037037,0,0.458996328,0.250101999,28,67.30664712
0.152041703,0,0,0.58,0,0.423110339,0.336663771,28,27.3377234
0.167391304,0,0,0.483116883,0,0.42,0.33173913,28,31.35047372
0.162276975,0,0,0.486910995,0,0.444774851,0.31393373,28,37.42475728
0.119829424,0,0,0.661921708,0,0.470788913,0.330063966,28,22.43554904
0.14443971,0,0,0.545722714,0,0.455475075,0.321261184,28,31.84000168
0.127264884,0,0,0.627118644,0,0.461173425,0.33175151,28,25.17966352
0.102145923,0,0,0.777310924,0,0.479828326,0.338626609,28,17.54026944
0.126603935,0,0,0.648648649,0,0.464071856,0.327202737,28,21.6495464
0.142304385,0,0,0.580060423,0,0.420464316,0.354686156,28,31.44700036
0.145781119,0,0,0.550143266,0,0.437343358,0.336675021,28,32.72253096
0.10806175,0,0,0.734126984,0,0.476415094,0.33619211,28,19.69143456
0.144995723,0,0,0.545722714,0,0.453378956,0.322497861,28,31.6469484
0.172141919,0,0,0.488549618,0,0.41173894,0.332019273,28,39.58281716
0.162345941,0,0,0.484293194,0,0.444963876,0.314067148,28,37.42475728
0.10806175,0,0,0.734126984,0,0.476415094,0.33619211,28,19.69143456
0.133505599,0,0,0.619354839,0,0.417743325,0.366063738,28,27.923778
0.21411093,0,0,0.36,0,0.458809135,0.25,28,55.94408264
0.140060896,0,0,0.630434783,0,0.423662462,0.347977381,28,25.17966352
0.131533101,0,0,0.67218543,0,0.424216028,0.355836237,28,21.7529678
0.168505942,0,0,0.465994962,0,0.441426146,0.311544992,28,39.0932892
0.212195122,0,0,0.279693487,0,0.364227642,0.364227642,28,74.98740976
0.15687141,0.046398586,0.230985915,0.591549296,0.003977022,0.39946973,0.30048608,28,37.16965116
0.136144049,0.083443127,0.477419355,0.577419355,0.008344313,0.368028107,0.325428195,28,33.75674496
0.119765871,0.06483566,0.421052632,0.827067669,0.004502476,0.415578568,0.296262945,28,16.49916068
0.104842292,0.051088405,0.377118644,0.855932203,0.003998223,0.382052421,0.368280764,28,19.98790924
0.126852659,0.077593723,0.47766323,0.577319588,0.007846556,0.411508282,0.302964255,28,36.34917472
0.181543769,0.061664511,0.263657957,0.399049881,0.009486848,0.394135403,0.28072445,28,33.68779736
0.139789658,0,0.548589342,0.495297806,0.007887818,0.413234005,0.369851008,28,15.41668336
0.133274879,0.061376589,0,0.703947368,0.002630425,0.392371767,0.316527839,28,33.41890172
0.161624892,0,0,0.50802139,0.003025065,0.437770095,0.315471046,28,39.05192064
0.120244862,0.065150853,0.421818182,0.636363636,0.006558811,0.416703105,0.314822912,28,27.67556664
0.066987741,0.104640981,0,1.307189542,0.00262697,0.438704028,0.299474606,28,26.8550902
0.131971052,0.060876969,0,0.541935484,0.004257131,0.389101745,0.342273308,28,45.2985732
0.178021978,0,0.24691358,0.483950617,0.004395604,0.421538462,0.30989011,28,30.12320644
0.147123408,0,0.549253731,0.498507463,0.005270092,0.435221783,0.3390426,28,15.56836808
0.118673647,0.072862129,0.477941176,0.639705882,0.004799302,0.385253054,0.342495637,28,44.6090972
0.177475898,0.060035057,0.264197531,0.496296296,0.002629273,0.384750219,0.287028922,28,53.52402188
0.138123924,0.070567986,0,0.591900312,0.002151463,0.374354561,0.333046472,28,57.21271848
0.156946827,0.080188679,0,0.521857923,0.003001715,0.353344768,0.324614065,28,65.90701084
0.163793103,0.055603448,0.263157895,0.452631579,0.00387931,0.355603448,0.346982759,28,52.82075636
0.143670609,0.042487954,0.231707317,0.591463415,0.003504161,0.365746824,0.359614542,28,33.39821744
0.139318885,0,0.476190476,0.577777778,0.005307386,0.452454666,0.322423706,28,18.0297974
0.067532468,0.105194805,0,1.153846154,0.004761905,0.442424242,0.302164502,28,37.36270444
0.136181575,0.083667112,0.477124183,0.663398693,0.004895416,0.36893636,0.315976858,28,32.83974188
0.176778699,0,0.264197531,0.459259259,0.002618944,0.383675251,0.355739852,28,42.63719584
0.19663419,0,0.283783784,0.472972973,0.002657219,0.381310895,0.32639504,28,40.0585556
0.165724228,0.052631579,0.24671916,0.49343832,0.003914746,0.393214441,0.302740322,28,41.94082508
0.138900724,0.07072859,0,0.533742331,0.003834683,0.375798892,0.336599915,28,61.23236356
0.218325296,0,0.285140562,0.387550201,0.004822446,0.351161771,0.341078474,28,40.86524252
0.128115435,0.090511587,0.549488055,0.610921502,0.00218627,0.379099257,0.321818977,28,33.3016908
0.138494624,0.064086022,0,0.577639752,0.00344086,0.409032258,0.304946237,28,52.42086028
0.161562361,0,0.549450549,0.497252747,0.005770084,0.376830892,0.375499334,28,15.08573488
0.184449244,0,0.264637002,0.398126464,0.004319654,0.399568035,0.338228942,28,38.45897128
0.195898778,0,0.285077951,0.405345212,0.004799302,0.379581152,0.340314136,28,37.25928304
0.121818182,0.074545455,0.47761194,0.884328358,0.002727273,0.395,0.298181818,28,35.22532884
0.12360515,0.05193133,0,0.614583333,0.003004292,0.389699571,0.355793991,28,42.13387836
0.18,0,0.264197531,0.518518519,0.004888889,0.391111111,0.330666667,28,31.87447548
0.153543307,0.04855643,0.245014245,0.555555556,0.002624672,0.364391951,0.345581802,28,41.540929
0.068758058,0.107434465,0,1.05,0.005156854,0.450795015,0.295659648,28,39.45181672
0.071923744,0.112651646,0,1.102409639,0.005632582,0.372183709,0.358318891,28,37.91428524
0.158510178,0.050238198,0.245901639,0.491803279,0.003897791,0.376786488,0.33261152,28,44.27814872
0.192527473,0,0.264840183,0.447488584,0.004395604,0.35956044,0.357362637,28,31.17810472
0.113756614,0.061287478,0.42248062,0.748062016,0.002645503,0.39329806,0.343915344,28,23.69039536
0.068771626,0.080882353,0,1.106918239,0.004757785,0.428200692,0.341262976,28,32.76389952
0.149076517,0.043975374,0.230088496,0.592920354,0.003957784,0.37994723,0.334652595,28,32.39847724
0.139936393,0.041799182,0.230519481,0.801948052,0.002726034,0.387551113,0.315765561,28,28.62704352
0.184976118,0,0.265258216,0.417840376,0.00347373,0.435084672,0.299174989,28,36.80422888
0.067863398,0.080122592,0,1.24516129,0.003940455,0.458406305,0.305166375,28,18.28490352
0.064035088,0.100877193,0,1.383561644,0.001315789,0.362719298,0.38245614,28,33.0603742
0.180555556,0,0.265508685,0.548387097,0.004928315,0.366935484,0.348566308,28,31.41942132
0.058180227,0.091863517,0,1.473684211,0.001312336,0.415135608,0.347769029,28,31.02642
0.134047109,0.062098501,0,0.568690096,0.003426124,0.37130621,0.352890792,28,44.38846488
0.116607774,0,0.424242424,0.696969697,0.003533569,0.438162544,0.360424028,28,12.17614616
0.116258741,0.063374126,0.42481203,0.669172932,0.003496503,0.437937063,0.301136364,28,25.55887532
0.107904085,0.059058615,0.423868313,0.823045267,0.003108348,0.406749556,0.334369449,28,36.4388066
0.064390666,0.1019879,0,1.181208054,0.005617978,0.366032844,0.385911841,28,32.9569528
0.18683274,0,0.285714286,0.504761905,0.004448399,0.390569395,0.323843416,28,23.83518532
0.116258741,0.063374126,0.42481203,0.669172932,0.003496503,0.378933566,0.36013986,28,26.22766704
0.124399825,0,0.480701754,0.554385965,0.00698385,0.437363597,0.362287211,28,17.95395504
0.204675783,0,0.297413793,0.42887931,0.004852228,0.353330393,0.349360388,28,40.679084
0.066348656,0.062879445,0,1.163398693,0.003469211,0.433651344,0.356461405,28,19.00885332
0.152164408,0.048535199,0.247126437,0.560344828,0.00218627,0.39134237,0.320507215,28,33.7153764
0.160820046,0,0.552407932,0.623229462,0.00501139,0.409111617,0.324829157,28,8.53571288
0.147952444,0,0.550595238,0.49702381,0.007045354,0.472919419,0.298546896,28,13.45857152
0.160194175,0,0.247933884,0.548209366,0.004854369,0.410856134,0.336275375,28,32.23989776
0.105609115,0.051709027,0.381742739,0.7593361,0.003067485,0.417616126,0.341805434,28,23.51802636
0.126325088,0.074646643,0.5,0.667832168,0.003533569,0.427120141,0.284010601,28,29.72331036
0.14575248,0.043553256,0.230769231,0.50591716,0.004312204,0.403622251,0.32902113,28,49.77327244
0.133875107,0.068862275,0,0.568690096,0.00427716,0.392215569,0.324636441,28,52.44154456
0.121212121,0.051216389,0,0.591549296,0.002987623,0.413999146,0.338881776,28,40.93419012
0.144578313,0,0,0.541666667,0.001290878,0.424268503,0.351549053,28,44.86420332
0.123342175,0,0.480286738,0.64874552,0.004862953,0.432802829,0.358974359,28,13.19657064
0.064738886,0.102287441,0,1.16,0.005179111,0.461372464,0.291324989,28,37.43165204
0.122241836,0.075022065,0.480144404,0.693140794,0.00353045,0.359223301,0.355251545,28,29.86810032
0.142857143,0.073370738,0,0.589123867,0.003452741,0.35002158,0.346137246,28,56.61287436
0.132798574,0,0.479865772,0.647651007,0.004010695,0.46657754,0.310606061,28,12.45883132
0.067833698,0.080087527,0,1.24516129,0.003938731,0.38380744,0.379868709,28,23.786922
0.133362871,0,0.551495017,0.598006645,0.00443066,0.425786442,0.356668144,28,13.29309728
0.152946274,0.048526863,0.246458924,0.504249292,0.004332756,0.394280763,0.322790295,28,39.41734292
0.184210526,0.062553926,0.264637002,0.419203747,0.003451251,0.374892148,0.297670406,28,46.2293658
0.129606625,0.060041408,0,0.405750799,0.003312629,0.414078675,0.340372671,28,44.51946532
0.063285652,0.074989163,0,1.246575342,0.00130039,0.427394885,0.354139575,28,23.73865868
0.10936133,0.059492563,0.424,0.712,0.003062117,0.411636045,0.338582677,28,26.14492992
0.146731881,0,0.551515152,0.548484848,0.006669631,0.373054691,0.393063584,28,15.52010476
0.160348584,0.050980392,0.247282609,0.519021739,0.003050109,0.412200436,0.290196078,28,43.5748832
0.174644243,0,0.264197531,0.404938272,0.005605865,0.410952997,0.338076757,28,35.85964676
0.134047109,0.062098501,0,0.568690096,0.003426124,0.429122056,0.295074946,28,41.05140104
0.131625442,0.081272085,0.479865772,0.651006711,0.003975265,0.38869258,0.308745583,28,28.98557104
0.125216638,0.058058925,0,0.674740484,0.002599653,0.40034662,0.329289428,28,46.24315532
0.063683305,0.075301205,0,1.155405405,0.000860585,0.430292599,0.356282272,28,26.91714304
0.145487203,0,0.552469136,0.62345679,0.003592277,0.37000449,0.390211046,28,10.53519328
0.134855666,0,0,0.568690096,0.00344679,0.430848772,0.354157691,28,25.0969264
0.114260794,0.070649804,0.480916031,0.65648855,0.004361099,0.402529437,0.333187963,28,29.06830816
0.132739421,0,0.479865772,0.647651007,0.004008909,0.39064588,0.386636971,28,9.73540112
0.144725371,0.043156059,0.231927711,0.569277108,0.002615519,0.400610288,0.326503923,28,33.79811352
0.149977548,0.092950157,0.51497006,0.646706587,0.004490346,0.369106421,0.286484059,28,39.84481804
0.103311258,0.086534216,0.418803419,0.85042735,0.002649007,0.373951435,0.345695364,28,26.96540636
0.129089302,0.072060124,0.438356164,0.674657534,0.003536693,0.42484527,0.283377542,28,27.234302
0.144760213,0.095026643,0.503067485,0.619631902,0.004440497,0.364120782,0.301953819,28,30.6472082
0.137028825,0.094900222,0.491909385,0.647249191,0.003991131,0.363192905,0.312195122,28,33.05347944
0.152173913,0.067879326,0.565597668,0.559766764,0.003549246,0.414818101,0.276397516,28,24.5798194
0.146232724,0.046812305,0.588414634,0.597560976,0.002674989,0.430227374,0.286669639,28,21.91154728
0.141969831,0.092724046,0.503125,0.628125,0.00310559,0.376220053,0.296805679,28,30.88163004
0.149602824,0.006619594,0.575221239,0.519174041,0.002647838,0.450573698,0.312886143,28,15.340841
0.153741497,0.078911565,0.545722714,0.672566372,0.003174603,0.383219955,0.27755102,28,24.3385028
0.159120879,0.082197802,0.538674033,0.511049724,0.003076923,0.394725275,0.27956044,28,23.8903434
0.168089888,0.038651685,0.50802139,0.569518717,0.002696629,0.414831461,0.28,28,22.93197176
0.154713577,0.080288678,0.545189504,0.644314869,0.00315742,0.385205232,0.276950834,28,29.41304616
0.140099032,0.041657203,0.231841764,0.800583658,0.002725662,0.387452869,0.315904238,28,28.62980142
0.185074238,0,0.265071546,0.418719212,0.003473127,0.434965703,0.298992793,28,36.80491836
0.067755066,0.080273121,0,1.24870801,0.003983017,0.458440933,0.304941568,28,18.28766142
0.06396037,0.10104774,0,1.387936943,0.001490509,0.362544386,0.382184034,28,32.72046253
0.180404982,0,0.26496151,0.549788925,0.00470388,0.366992205,0.348714273,28,31.4201108
0.058203603,0.091918839,0,1.470323065,0.001355606,0.415165296,0.347778555,28,28.9379972
0.134118151,0.062071918,0,0.569741462,0.003424658,0.371232877,0.352739726,28,40.92522693
0.11640235,0,0.424667932,0.699810247,0.003489862,0.438220612,0.360427619,28,12.18097249
0.116292282,0.063368587,0.424652386,0.670800451,0.003496198,0.437855083,0.300978935,28,25.5595648
0.107949754,0.058857473,0.424753289,0.823601974,0.003284655,0.406587066,0.334413423,28,36.44363293
0.064623498,0.102014351,0,1.175919732,0.005446529,0.366041324,0.385882251,28,32.96384756
0.186754495,0,0.28551001,0.504051478,0.004406267,0.390867011,0.323838348,28,23.8358748
0.116261797,0.063351975,0.424652386,0.670800451,0.003495281,0.378888501,0.360013981,28,26.23318285
0.124279728,0,0.479803302,0.555321391,0.007028112,0.437314475,0.362362493,28,17.95947085
0.204779963,0,0.296942291,0.428509905,0.004762325,0.353249846,0.349457624,28,38.6306508
0.066235794,0.062765681,0,1.166339227,0.003470114,0.433634077,0.35664093,28,19.0095428
0.15218437,0.048322911,0.247413793,0.561494253,0.002186557,0.391481174,0.320374339,28,33.71882378
0.160986057,0,0.551655817,0.621851118,0.005012303,0.409049485,0.324842796,28,8.536402356
0.147965475,0,0.551488095,0.496130952,0.006869826,0.473181258,0.29857319,28,13.46132942
0.1599117,0,0.24737714,0.548591938,0.004679912,0.411169978,0.336512141,28,32.24541357
0.105477651,0.051533742,0.380972165,0.759867054,0.003111306,0.417791411,0.341936897,28,23.52423164
0.126131297,0.074786985,0.499474974,0.667483374,0.003708446,0.427089312,0.284093418,28,29.72606826
0.145913306,0.043390123,0.23174697,0.504286137,0.004485659,0.403579901,0.329048954,28,49.77327244
0.133906792,0.068686609,0,0.56759348,0.004108358,0.392262593,0.325031027,28,52.44637089
0.121170748,0.05107091,0,0.592605634,0.003071934,0.414028501,0.338851438,28,40.9348796
0.144768542,0,0,0.540564636,0.001462743,0.424109448,0.351402512,28,44.86834018
0.123115022,0,0.479885057,0.649425287,0.004908681,0.433157918,0.35886437,28,13.20208645
0.064750065,0.102218769,0,1.158666667,0.005136838,0.461581628,0.291288958,28,37.43165204
0.121932921,0.075110327,0.479913138,0.693449149,0.003751103,0.359267432,0.355383936,28,29.87085822
0.142678294,0.073217061,0,0.589712557,0.003496805,0.350112243,0.346356415,28,56.61907964
0.132614411,0,0.47983871,0.64952957,0.004055078,0.466734994,0.310458536,28,12.4595208
0.06773135,0.080245023,0,1.24870801,0.003981623,0.383810982,0.379654343,28,23.786922
0.133126523,0,0.55159787,0.599866844,0.004431642,0.425880789,0.356702858,28,13.29378676
0.153216374,0.048646307,0.247384789,0.502968617,0.00450509,0.39406541,0.32250379,28,39.42147978
0.18424117,0.062664424,0.264981273,0.418773408,0.003450209,0.374822099,0.297666796,28,46.23419213
0.129503852,0.05992711,0,0.407099456,0.003313178,0.414023027,0.340511886,28,44.52360218
0.063177521,0.074841731,0,1.248455731,0.001474287,0.427456422,0.3541757,28,23.74417449
0.109280063,0.05957949,0.4248,0.7124,0.003278402,0.411548717,0.338462211,28,26.14768782
0.146768602,0,0.551483949,0.549364022,0.006667259,0.372877589,0.393057161,28,15.52631004
0.160383526,0.050904336,0.247282609,0.517934783,0.003050774,0.412508172,0.290084986,28,43.57833058
0.174887892,0,0.265039448,0.403353057,0.005519145,0.411003794,0.338047603,28,35.86585204
0.134152608,0.062087865,0,0.569741462,0.003425537,0.429005738,0.294895949,28,41.05346947
0.131837059,0.081249448,0.479892761,0.649463807,0.004064681,0.388618892,0.308606521,28,28.99108685
0.125254627,0.057946518,0,0.674394464,0.002383739,0.40051142,0.32943267,28,46.24729218
0.063575361,0.075318307,0,1.158322057,0.000946318,0.430144529,0.356374742,28,26.92265885
0.145654615,0,0.551649707,0.62195498,0.003503256,0.370087581,0.390163934,28,10.53588276
0.134743827,0,0,0.569555484,0.003447236,0.430775197,0.354289654,28,25.10382116
0.11435799,0.070481507,0.479786423,0.654462243,0.004535939,0.402390091,0.333391486,28,29.07313449
0.132567152,0,0.47983871,0.64952957,0.004053633,0.390752372,0.386520558,28,9.738159024
0.144824581,0.04305949,0.231718327,0.567559434,0.002832861,0.40052299,0.326563521,28,33.798803
0.156756996,0.046461253,0.230682459,0.591370558,0.003978604,0.399628664,0.300473012,28,37.17103011
0.136170026,0.083476046,0.477587875,0.576588197,0.00825539,0.368023537,0.325560971,28,33.76226077
0.119699289,0.064914018,0.422339225,0.827754795,0.004546682,0.41559377,0.296164581,28,16.50398701
0.104772061,0.050919755,0.378710772,0.856234097,0.003910068,0.382120323,0.368568382,28,19.98790924
0.126689926,0.077671173,0.477452668,0.576592083,0.007980811,0.411687745,0.302921936,28,36.3498642
0.181594722,0.061580922,0.264070292,0.398480171,0.009530381,0.394109276,0.280822804,28,38.21558625
0.139570552,0,0.549136578,0.49733124,0.007843996,0.413102542,0.370070114,28,15.42357812
0.133087849,0.061327372,0,0.703227931,0.002717868,0.392556549,0.316719271,28,33.4195912
0.161698635,0,0,0.508148544,0.002894419,0.437705201,0.315534819,28,39.0560575
0.120090965,0.065118517,0.422432629,0.637654771,0.006559958,0.416907198,0.314746786,28,27.68108245
0.066833092,0.104541672,0,1.31061599,0.002759164,0.438750931,0.299522621,28,26.85991653
0.131971052,0.060791826,0,0.541612903,0.004257131,0.389229459,0.342273308,28,45.30477848
0.17777387,0,0.246290801,0.484668645,0.004308071,0.421751363,0.310005275,28,30.12320644
0.147074328,0,0.549283154,0.497610514,0.005095765,0.435424354,0.339219821,28,15.56974703
0.11857673,0.072735211,0.477540501,0.638807069,0.004758786,0.385330714,0.342850906,28,44.6118551
0.177274519,0.060098997,0.264146281,0.497405486,0.002628236,0.384773753,0.287047177,28,53.52471136
0.138217328,0.070635808,0,0.592903828,0.001978835,0.374257937,0.332960509,28,57.21823429
0.156940097,0.080185241,0,0.522677596,0.002830067,0.353458257,0.324557266,28,65.90907927
0.163808703,0.055536407,0.264071541,0.453445555,0.004093063,0.355493322,0.346790177,28,52.82696164
0.143488922,0.042516858,0.23069881,0.591394568,0.003634294,0.365837639,0.359663718,28,33.39959639
0.139349701,0,0.477460317,0.576507937,0.005175846,0.452687459,0.322450785,28,18.03393426
0.06736514,0.105420383,0,1.15874036,0.004632436,0.442462551,0.302060784,28,37.36339392
0.136418242,0.083648498,0.477495108,0.662752772,0.005027809,0.368720801,0.315773081,28,35.31427124
0.176760625,0,0.264132313,0.4601333,0.002661663,0.383541321,0.355702941,28,42.6440906
0.196907262,0,0.284653465,0.471872187,0.002525588,0.3812752,0.326376889,28,40.06200298
0.165825648,0.052418653,0.246327387,0.492130115,0.004002088,0.393422655,0.30272316,28,43.79827342
0.138759855,0.070914127,0,0.534398034,0.003792883,0.375708502,0.336671639,28,61.23581094
0.218048738,0,0.284623116,0.388542714,0.004821178,0.351244741,0.341164095,28,40.8686899
0.128110922,0.090320605,0.549334244,0.610788665,0.002405634,0.379171587,0.321742553,28,33.30651713
0.138656004,0.063889247,0,0.576124031,0.003654499,0.408873984,0.305043209,28,52.42637609
0.161666815,0,0.549272578,0.497392259,0.005591551,0.376897133,0.37543268,28,15.09125069
0.184221896,0,0.264071295,0.398452158,0.004363605,0.399766698,0.338244189,28,38.46103971
0.195935633,0,0.284665034,0.406187403,0.005015045,0.379442676,0.34002006,28,37.26548832
0.121656051,0.074567789,0.477561705,0.885190726,0.002638763,0.395177434,0.298271156,28,35.22532884
0.123713109,0.051904598,0,0.615117892,0.003002745,0.389456074,0.355825326,28,42.14008364
0.180104898,0,0.264067127,0.517522211,0.004933772,0.390968086,0.330784959,28,31.87516496
0.153516445,0.048547936,0.246438746,0.556980057,0.002580476,0.364153254,0.345696291,28,41.54230795
0.06864556,0.107392929,0,1.053817272,0.005240775,0.450749603,0.295631256,28,39.45595358
0.071948682,0.11256068,0,1.103614458,0.005504508,0.372226075,0.358356449,28,37.91704314
0.158772082,0.050225147,0.246250341,0.489773657,0.003853481,0.376731902,0.332655005,28,44.284354
0.192397275,0,0.26404751,0.447693011,0.004570424,0.359437486,0.357459899,28,31.1787942
0.113374785,0.061471976,0.422403734,0.749513808,0.00268995,0.393526481,0.343960841,28,23.69660064
0.068838699,0.080780547,0,1.10370836,0.004889235,0.428175839,0.341337833,28,32.76803638
0.149105455,0.044177766,0.230837264,0.591391509,0.003780386,0.380016704,0.334739989,28,32.40123514
0.154150523,0.07798203,0,0.454812834,0.004162888,0.381708021,0.311886901,56,63.3973182
0.129553819,0.108423273,0,0.560165975,0.003556217,0.432907414,0.252987636,56,64.90037588
0.174144642,0.043556648,0,0.361176471,0.00676091,0.349149764,0.363491088,56,64.30053176
0.174108972,0.043547726,0,0.356235294,0.007619828,0.383449406,0.329250307,56,64.90037588
0.152222448,0.038075908,0,0.3376,0.009498681,0.345889994,0.402922671,56,60.19814956
0.196492099,0.049143708,0,0.381263158,0.003681641,0.352486142,0.323281211,56,72.29845336
0.191522378,0.047860176,0,0.293816631,0.013149298,0.347966351,0.343229337,56,69.29923276
0.174144642,0.043556648,0,0.361176471,0.00676091,0.349149764,0.363491088,56,64.30053176
0.159687693,0.039901377,0,0.406330417,0.004972262,0.350154099,0.380398603,56,55.19944856
0.217114135,0,0,0.266892528,0.011523845,0.348208083,0.365207797,56,58.79851328
0.174144642,0.043556648,0,0.361176471,0.00676091,0.349149764,0.363491088,56,64.30053176
0.130988578,0.087312022,0,0.488393977,0.005875586,0.350110938,0.361738845,56,66.10006412
0.163719338,0.038586912,0,0.366849179,0.004645098,0.385787629,0.347200717,56,73.69808964
0.149304126,0.077822614,0,0.454771098,0.004776414,0.388989541,0.311208103,56,77.29715436
0.134695406,0.117676431,0,0.5678097,0.004285952,0.392268642,0.27459221,56,80.19984832
0.155545537,0.061972293,0,0.405533597,0.006516928,0.464915157,0.247971145,56,54.89607912
0.149304126,0.077822614,0,0.454771098,0.004776414,0.388989541,0.311208103,56,77.29715436
0.116790405,0.08195317,0,0.505413902,0.004568818,0.409806641,0.327853471,56,72.99482412
0.149304126,0.077822614,0,0.454771098,0.004776414,0.388989541,0.311208103,56,77.29715436
0.182468099,0.073569143,0,0.423690205,0.004613658,0.367804148,0.294235006,56,71.69860924
0.159318433,0.077227966,0,0.374198512,0.008989499,0.386017243,0.308830139,56,79.40005616
0.149304126,0.077822614,0,0.454771098,0.004776414,0.388989541,0.311208103,56,77.29715436
0.140102828,0.078364707,0,0.51760876,0.003938967,0.391699146,0.313375902,56,59.89478012
0.135747049,0,0.303012256,0.593329781,0.001897727,0.411491886,0.370320571,56,29.44751996
0.140937071,0,0.288011206,0.602606657,0.001960046,0.406446737,0.365726528,56,27.66177712
0.124002352,0,0.340514905,0.56104336,0.003142065,0.422750567,0.380534319,56,33.96358776
0.132806723,0,0.396735004,0.5129714,0.003264706,0.457983193,0.337819328,56,35.34253976
0.141597464,0,0.364470017,0.540351824,0.002414485,0.448780239,0.330695363,56,34.20490436
0.149068855,0,0.339697944,0.561243827,0.001981707,0.440598022,0.324687442,56,31.53663224
0.132686275,0,0.396741886,0.512962728,0.004154857,0.457580931,0.337514824,56,38.56239268
0.140212857,0,0.49571897,0.535766335,0.001911452,0.450659855,0.332094508,56,28.62704352
0.141777842,0.01798183,0.493791066,0.366960034,0.002444298,0.45240883,0.333360397,56,32.8535314
0.100263886,0.041266314,0.102883768,0.762750283,0.002887169,0.44856336,0.330542965,56,50.77301264
0.100275644,0.041266702,0.102904146,0.762716132,0.002798527,0.448605997,0.330571278,56,47.13257936
0.148972346,0,0.339696412,0.561263799,0.002625346,0.440312986,0.324476537,56,31.35047372
0.143003522,0,0.283327312,0.561958092,0.003013682,0.408960969,0.364659841,56,39.58971192
0.14668579,0,0.276808701,0.542162053,0.002346531,0.406022057,0.365418154,56,38.32797084
0.130789906,0,0.320783662,0.509188533,0.003640833,0.421266475,0.377706067,56,42.54756396
0.130930815,0,0.320775818,0.509170501,0.004338422,0.419952558,0.378112096,56,44.39535964
0.140997086,0,0.370508938,0.472118297,0.003282312,0.45441605,0.334737248,56,45.08483564
0.149170501,0,0.344171831,0.492288536,0.00283676,0.445945375,0.328612436,56,42.69924868
0.157295625,0,0.319959961,0.509820366,0.00244684,0.437622608,0.322442414,56,36.96970312
0.157255474,0,0.319959961,0.509820366,0.002701472,0.437510902,0.322360108,56,36.63875464
0.147689216,0,0.479376561,0.486782055,0.003204829,0.447489126,0.329724368,56,35.57006684
0.128400495,0.019094722,0.401203908,0.559882899,0.003459097,0.447444112,0.329712333,56,43.49904084
0.123088358,0.01772862,0.423873367,0.540135776,0.00454763,0.453839241,0.334311725,56,39.14844728
0.161714501,0,0.248829328,0.43484335,0.003936909,0.402133713,0.361894402,56,45.08483564
0.156252347,0,0.260095075,0.428907168,0.004936613,0.40640466,0.365388628,56,51.03501352
0.164012405,0,0.244384822,0.438328862,0.003717363,0.400293366,0.360085495,56,48.71837416
0.145591887,0,0.284122246,0.415465529,0.005111755,0.416390728,0.372417219,56,44.14025352
0.14520795,0,0.283886733,0.454535001,0.005343285,0.41233464,0.371112029,56,42.03045696
0.146994661,0,0.281290947,0.416595454,0.005933215,0.413591542,0.372243274,56,55.82687172
0.154007015,0,0.336317926,0.385308274,0.004965029,0.450041203,0.331646576,56,60.32225524
0.165388627,0,0.306114727,0.40230059,0.004130335,0.439567775,0.324377321,56,56.8472962
0.174590678,0,0.283433808,0.421509525,0.004007965,0.430603679,0.317206044,56,51.95891136
0.163002249,0,0.449804366,0.398450371,0.004263032,0.442037864,0.325748548,56,46.6430514
0.162793529,0,0.449373291,0.398746583,0.004895478,0.441810571,0.325587058,56,51.4349096
0.124879943,0.040496456,0.081087353,0.532736615,0.004632543,0.439532689,0.323930251,56,66.82401392
0.141462063,0.022600179,0.361919242,0.411537674,0.00492621,0.444930677,0.327863903,56,61.99078716
0.143271607,0.022886702,0.361916922,0.462098043,0.004088127,0.431486657,0.332061377,56,53.95839176
0.14372216,0,0.361916147,0.462096915,0.004747717,0.452017885,0.333098671,56,37.2661778
0.159561376,0,0,0.570744681,0,0.42585064,0.323519177,56,36.3009114
0.129711211,8.40725E-06,0.465275302,0.530868198,0,0.422716382,0.378704443,56,36.56291228
0.125829049,0.054422864,0.444631437,0.589229216,0.003422076,0.42598067,0.31620319,56,53.72396992
0.12547588,0.054906008,0.399824697,0.606614301,0.001510127,0.426092621,0.3158999,56,48.58737372
0.125303765,0.054995301,0.434571071,0.592830354,0.003298025,0.426033649,0.316085385,56,51.72448952
0.144733749,0.005713782,0.499985497,0.454706309,0.001738064,0.422467212,0.359535844,56,35.852752
0.146563009,0.021135444,0.499985594,0.474745729,0.002732194,0.424904774,0.335084415,56,53.77223324
0.141601024,0.031966219,0.5,0.491107784,0.003353485,0.427050035,0.326487871,56,53.46196904
0.14122601,0.039514167,0.479158551,0.516436427,0.004117734,0.426246852,0.315960981,56,48.9872698
0.133135857,0,0.396741886,0.528048935,0.004168935,0.455291551,0.337101409,56,31.715896
0.147167257,0,0.276808701,0.554948075,0.002269089,0.40396601,0.364927457,56,39.64487
0.163320149,0,0.449373291,0.410610203,0.004911314,0.439575251,0.325132365,56,51.25564584
0.124417845,0,0.340514905,0.57645664,0.003152593,0.420626725,0.380081344,56,43.38872468
0.156214738,0,0.319959961,0.52196732,0.002430026,0.441039121,0.318777126,56,39.2656582
0.218603354,0.009993296,0.15047619,0.308571429,0.004834257,0.402646558,0.296467786,56,61.06688932
0.218600623,0.009993171,0.15047619,0.308571429,0.004846688,0.402641528,0.296464083,56,56.14403068
0.218600623,0.009993171,0.15047619,0.308571429,0.004846688,0.402641528,0.296464083,56,55.25460664
0.21872266,0.00999875,0.15047619,0.308571429,0.00429113,0.402866308,0.296629588,56,54.76507868
0.195901145,0.008145578,0.195426195,0.326403326,0.005832234,0.382027597,0.344150661,56,56.33708396
0.195932267,0.008146872,0.195426195,0.326403326,0.005674296,0.382088288,0.344205334,56,47.96684532
0.196117605,0.008154578,0.195426195,0.326403326,0.004733733,0.382449717,0.344530928,56,61.45989064
0.252163307,0.010677925,0.200325733,0.342019544,0.001614009,0.362228072,0.287071908,56,59.59042572
0.259517399,0.010989336,0.200325733,0.327361564,0.00166108,0.347432088,0.295444075,56,61.85584685
0.237964802,0.009415873,0.237410072,0.320143885,0.003629391,0.351811272,0.320995686,56,65.69721315
0.238942465,0.009454558,0.237410072,0.302158273,0.003833393,0.353256665,0.322314476,56,74.36491146
0.14882502,0.004772814,0.411078717,0.60058309,0.000746295,0.40872644,0.347547641,56,23.24519085
0.187434398,0.006615332,0.331764706,0.421176471,0.002407981,0.371340619,0.353258712,56,44.52045028
0.206023297,0.007828885,0.282,0.308,0.004495428,0.388147892,0.330049322,56,68.75060685
0.206023297,0.007828885,0.282,0.308,0.004495428,0.388147892,0.330049322,56,66.78067543
0.152041703,0,0,0.58,0,0.423110339,0.336663771,56,29.97841648
0.120361991,0.05158371,0,0.857142857,0,0.421719457,0.303167421,90,47.02984744
0.085349607,0.056899738,0,0.966767372,0,0.420473591,0.354763849,90,38.07424367
0.085972851,0.085972851,0,1.2,0,0.421719457,0.303167421,90,42.32693164
0.171945701,0,0,0.6,0,0.421719457,0.303167421,90,52.90831981
0.058290534,0.087435801,0,1.375358166,0,0.437179005,0.336924297,90,39.35804798
0.170480036,0.042620009,0,0.6,0,0.41812472,0.266487214,90,40.56325203
0.149170031,0.063930013,0,0.685714286,0,0.41812472,0.266487214,90,37.72192144
0.213100045,0,0,0.48,0,0.41812472,0.266487214,90,42.22902605
0.154751131,0.01719457,0,0.666666667,0,0.421719457,0.303167421,90,50.45930106
0.19179004,0.021310004,0,0.533333333,0,0.41812472,0.266487214,90,41.54299743
0.106550022,0.106550022,0,0.96,0,0.41812472,0.266487214,90,33.11691123
0.137556561,0.03438914,0,0.75,0,0.421719457,0.303167421,90,49.18514941
0.126228434,0,0,0.664359862,0,0.398864381,0.39104608,90,32.06821824
0.170041537,0,0,0.488549618,0,0.406974732,0.339910003,90,48.8466167
0.206860886,0,0,0.4,0,0.40346492,0.30692984,90,54.31554033
0.111753879,0,0,0.752941176,0,0.389955298,0.414146726,90,21.8591471
0.144858187,0,0,0.576576577,0,0.405080912,0.366539064,90,41.68020315
0.148358862,0,0,0.581120944,0,0.423632385,0.341794311,90,35.17017076
0.103372755,0,0,0.822033898,0,0.424003504,0.387647832,90,21.94602108
0.120855148,0,0,0.689530686,0,0.422338569,0.373472949,90,31.25394708
0.111257118,0,0,0.779527559,0,0.424003504,0.378011389,90,26.94472208
0.134649123,0,0,0.628664495,0,0.424561404,0.356140351,90,32.922479
0.109152779,0.072768519,0,0.813349321,0,0.426489835,0.302809528,90,47.7144971
0.068213417,0.102537365,0,1.222929936,0,0.40641293,0.339416058,90,43.37700359
0.054049288,0.081073932,0,1.659869494,0,0.422430895,0.35273112,90,33.19206412
0.044815466,0.067223199,0,1.882352941,0,0.389718805,0.413884007,90,25.46096973
0.047890687,0.071813921,0,1.879039705,0,0.414875741,0.375431149,90,29.23171397
0.050817015,0.075787445,0,1.655172414,0,0.398563105,0.390721514,90,31.0236621
0.081041777,0.054027851,0,1.106579663,0,0.422704037,0.352547153,90,32.53292506
0.058038052,0.087275266,0,1.443609023,0,0.404695409,0.366207017,90,36.58842289
0.082833599,0.124250399,0,1,0,0.401138962,0.30894344,90,50.73233356
0.10231066,0.0680626,0,0.813559322,0,0.421641306,0.324749642,90,47.78206575
0.0929743,0.061968248,0,0.95990566,0,0.426892378,0.328918516,90,39.70002808
0.124041692,0.082694461,0,0.666666667,0,0.401412697,0.309156689,90,50.52686971
0.067161231,0.044774154,0,1.254901961,0,0.389798516,0.413985339,90,26.32281473
0.087085256,0.057911696,0,0.96,0,0.420360533,0.351040669,90,43.25082948
0.075724416,0.050774753,0,1.10982659,0,0.414427033,0.375032829,90,32.10269204
0.132238922,0.088144843,0,0.666557484,0,0.418157405,0.273313986,90,54.59891496
0.062052611,0.093100874,0,1.44019816,0,0.426770893,0.328707567,90,39.6621069
0.072879801,0.109319701,0,1.220023981,0,0.426268187,0.302617206,90,43.56523054
0.088259531,0.132410981,0,1,0,0.417834063,0.273235894,90,51.86376367
0.13225256,0,0,0.619354839,0,0.431740614,0.354095563,90,35.76312012
0.139721401,0,0,0.580060423,0,0.432672014,0.34655973,90,37.91428524
0.145054032,0,0,0.550143266,0,0.438902743,0.336242727,90,40.65839972
0.206097037,0,0,0.4,0,0.401889223,0.309574925,90,54.27555072
0.220318237,0,0,0.32037037,0,0.458996328,0.250101999,90,69.65776028
0.152041703,0,0,0.58,0,0.423110339,0.336663771,90,31.35047372
0.126603935,0,0,0.648648649,0,0.464071856,0.327202737,90,29.39236188
0.142304385,0,0,0.580060423,0,0.420464316,0.354686156,90,37.231704
0.145781119,0,0,0.550143266,0,0.437343358,0.336675021,90,39.48629052
0.205086136,0,0,0.4,0,0.461443806,0.251435603,90,47.22221124
0.172141919,0,0,0.488549618,0,0.41173894,0.332019273,90,48.79421652
0.133505599,0,0,0.619354839,0,0.417743325,0.366063738,90,34.6806428
0.21411093,0,0,0.36,0,0.458809135,0.25,90,58.78472376
0.154150523,0.07798203,0,0.454812834,0.004162888,0.381708021,0.311886901,91,64.90037588
0.129553819,0.108423273,0,0.560165975,0.003556217,0.432907414,0.252987636,91,66.59648684
0.174144642,0.043556648,0,0.361176471,0.00676091,0.349149764,0.363491088,91,65.19685056
0.174108972,0.043547726,0,0.356235294,0.007619828,0.383449406,0.329250307,91,66.69990824
0.152222448,0.038075908,0,0.3376,0.009498681,0.345889994,0.402922671,91,62.5009994
0.196492099,0.049143708,0,0.381263158,0.003681641,0.352486142,0.323281211,91,74.19451236
0.191522378,0.047860176,0,0.293816631,0.013149298,0.347966351,0.343229337,91,70.69886904
0.174144642,0.043556648,0,0.361176471,0.00676091,0.349149764,0.363491088,91,65.19685056
0.159687693,0.039901377,0,0.406330417,0.004972262,0.350154099,0.380398603,91,57.59882504
0.217114135,0,0,0.266892528,0.011523845,0.348208083,0.365207797,91,59.19840936
0.174144642,0.043556648,0,0.361176471,0.00676091,0.349149764,0.363491088,91,65.19685056
0.130988578,0.087312022,0,0.488393977,0.005875586,0.350110938,0.361738845,91,68.09954452
0.163719338,0.038586912,0,0.366849179,0.004645098,0.385787629,0.347200717,91,75.497622
0.149304126,0.077822614,0,0.454771098,0.004776414,0.388989541,0.311208103,91,79.29663476
0.155545537,0.061972293,0,0.405533597,0.006516928,0.464915157,0.247971145,91,56.49566344
0.149304126,0.077822614,0,0.454771098,0.004776414,0.388989541,0.311208103,91,79.29663476
0.116790405,0.08195317,0,0.505413902,0.004568818,0.409806641,0.327853471,91,76.80073164
0.149304126,0.077822614,0,0.454771098,0.004776414,0.388989541,0.311208103,91,79.29663476
0.182468099,0.073569143,0,0.423690205,0.004613658,0.367804148,0.294235006,91,73.29819356
0.159318433,0.077227966,0,0.374198512,0.008989499,0.386017243,0.308830139,91,82.5992248
0.149304126,0.077822614,0,0.454771098,0.004776414,0.388989541,0.311208103,91,79.29663476
0.140102828,0.078364707,0,0.51760876,0.003938967,0.391699146,0.313375902,91,67.79617508
0.135747049,0,0.303012256,0.593329781,0.001897727,0.411491886,0.370320571,100,40.7135578
0.140937071,0,0.288011206,0.602606657,0.001960046,0.406446737,0.365726528,100,34.55653712
0.124002352,0,0.340514905,0.56104336,0.003142065,0.422750567,0.380534319,100,37.34202016
0.132806723,0,0.396735004,0.5129714,0.003264706,0.457983193,0.337819328,100,40.56876784
0.141597464,0,0.364470017,0.540351824,0.002414485,0.448780239,0.330695363,100,39.6103962
0.149068855,0,0.339697944,0.561243827,0.001981707,0.440598022,0.324687442,100,35.34253976
0.132686275,0,0.396741886,0.512962728,0.004154857,0.457580931,0.337514824,100,40.38950408
0.140212857,0,0.49571897,0.535766335,0.001911452,0.450659855,0.332094508,100,33.5430074
0.141777842,0.01798183,0.493791066,0.366960034,0.002444298,0.45240883,0.333360397,100,39.2311844
0.100263886,0.041266314,0.102883768,0.762750283,0.002887169,0.44856336,0.330542965,100,53.90323368
0.100275644,0.041266702,0.102904146,0.762716132,0.002798527,0.448605997,0.330571278,100,49.97322048
0.148972346,0,0.339696412,0.561263799,0.002625346,0.440312986,0.324476537,100,40.85834776
0.143003522,0,0.283327312,0.561958092,0.003013682,0.408960969,0.364659841,100,44.298833
0.14668579,0,0.276808701,0.542162053,0.002346531,0.406022057,0.365418154,100,42.34761592
0.130789906,0,0.320783662,0.509188533,0.003640833,0.421266475,0.377706067,100,42.919881
0.130930815,0,0.320775818,0.509170501,0.004338422,0.419952558,0.378112096,100,47.73931824
0.140997086,0,0.370508938,0.472118297,0.003282312,0.45441605,0.334737248,100,47.8151606
0.149170501,0,0.344171831,0.492288536,0.00283676,0.445945375,0.328612436,100,45.83636448
0.157295625,0,0.319959961,0.509820366,0.00244684,0.437622608,0.322442414,100,43.58177796
0.157255474,0,0.319959961,0.509820366,0.002701472,0.437510902,0.322360108,100,44.20920112
0.147689216,0,0.479376561,0.486782055,0.003204829,0.447489126,0.329724368,100,45.3675208
0.128400495,0.019094722,0.401203908,0.559882899,0.003459097,0.447444112,0.329712333,100,48.67011084
0.123088358,0.01772862,0.423873367,0.540135776,0.00454763,0.453839241,0.334311725,100,48.15300384
0.161714501,0,0.248829328,0.43484335,0.003936909,0.402133713,0.361894402,100,48.97348028
0.156252347,0,0.260095075,0.428907168,0.004936613,0.40640466,0.365388628,100,55.6407132
0.164012405,0,0.244384822,0.438328862,0.003717363,0.400293366,0.360085495,100,52.04164848
0.145591887,0,0.284122246,0.415465529,0.005111755,0.416390728,0.372417219,100,45.3675208
0.14520795,0,0.283886733,0.454535001,0.005343285,0.41233464,0.371112029,100,51.0556978
0.146994661,0,0.281290947,0.416595454,0.005933215,0.413591542,0.372243274,100,60.9496784
0.154007015,0,0.336317926,0.385308274,0.004965029,0.450041203,0.331646576,100,66.42411784
0.165388627,0,0.306114727,0.40230059,0.004130335,0.439567775,0.324377321,100,58.60546
0.174590678,0,0.283433808,0.421509525,0.004007965,0.430603679,0.317206044,100,56.7438748
0.163002249,0,0.449804366,0.398450371,0.004263032,0.442037864,0.325748548,100,50.07664188
0.162793529,0,0.449373291,0.398746583,0.004895478,0.441810571,0.325587058,100,59.30183076
0.124879943,0.040496456,0.081087353,0.532736615,0.004632543,0.439532689,0.323930251,100,66.9481196
0.141462063,0.022600179,0.361919242,0.411537674,0.00492621,0.444930677,0.327863903,100,63.52831864
0.143271607,0.022886702,0.361916922,0.462098043,0.004088127,0.431486657,0.332061377,100,56.63355864
0.14372216,0,0.361916147,0.462096915,0.004747717,0.452017885,0.333098671,100,46.2293658
0.159561376,0,0,0.570744681,0,0.42585064,0.323519177,100,43.0577762
0.129711211,8.40725E-06,0.465275302,0.530868198,0,0.422716382,0.378704443,100,37.9556538
0.125829049,0.054422864,0.444631437,0.589229216,0.003422076,0.42598067,0.31620319,100,55.0201848
0.12547588,0.054906008,0.399824697,0.606614301,0.001510127,0.426092621,0.3158999,100,49.99390476
0.125303765,0.054995301,0.434571071,0.592830354,0.003298025,0.426033649,0.316085385,100,53.65502232
0.144733749,0.005713782,0.499985497,0.454706309,0.001738064,0.422467212,0.359535844,100,37.6798634
0.146563009,0.021135444,0.499985594,0.474745729,0.002732194,0.424904774,0.335084415,100,56.06129356
0.141601024,0.031966219,0.5,0.491107784,0.003353485,0.427050035,0.326487871,100,56.8128224
0.14122601,0.039514167,0.479158551,0.516436427,0.004117734,0.426246852,0.315960981,100,50.93848688
0.133135857,0,0.396741886,0.528048935,0.004168935,0.455291551,0.337101409,100,33.56369168
0.147167257,0,0.276808701,0.554948075,0.002269089,0.40396601,0.364927457,100,41.1617172
0.163320149,0,0.449373291,0.410610203,0.004911314,0.439575251,0.325132365,100,52.95865156
0.124417845,0,0.340514905,0.57645664,0.003152593,0.420626725,0.380081344,100,44.27814872
0.156214738,0,0.319959961,0.52196732,0.002430026,0.441039121,0.318777126,100,40.14818748
0.13225256,0,0,0.619354839,0,0.431740614,0.354095563,120,38.70028788
0.139721401,0,0,0.580060423,0,0.432672014,0.34655973,120,39.38286912
0.145054032,0,0,0.550143266,0,0.438902743,0.336242727,120,40.85834776
0.213100045,0,0,0.48,0,0.41812472,0.266487214,180,42.62064842
0.19179004,0.021310004,0,0.533333333,0,0.41812472,0.266487214,180,41.8367142
0.058290534,0.087435801,0,1.375358166,0,0.437179005,0.336924297,180,44.20782217
0.154751131,0.01719457,0,0.666666667,0,0.421719457,0.303167421,180,52.1243856
0.085349607,0.056899738,0,0.966767372,0,0.420473591,0.354763849,180,41.71950328
0.106550022,0.106550022,0,0.96,0,0.41812472,0.266487214,180,36.2519586
0.171945701,0,0,0.6,0,0.421719457,0.303167421,180,53.104131
0.170480036,0.042620009,0,0.6,0,0.41812472,0.266487214,180,40.75906322
0.149170031,0.063930013,0,0.685714286,0,0.41812472,0.266487214,180,39.77931782
0.085972851,0.085972851,0,1.2,0,0.421719457,0.303167421,180,46.93194184
0.137556561,0.03438914,0,0.75,0,0.421719457,0.303167421,180,50.94882902
0.120361991,0.05158371,0,0.857142857,0,0.421719457,0.303167421,180,48.69562145
0.148358862,0,0,0.581120944,0,0.423632385,0.341794311,180,36.44570136
0.103418054,0,0,0.81779661,0,0.424189308,0.387817704,180,24.10408096
0.120855148,0,0,0.689530686,0,0.422338569,0.373472949,180,32.32952964
0.111257118,0,0,0.779527559,0,0.424003504,0.378011389,180,27.62730332
0.134649123,0,0,0.628664495,0,0.424561404,0.356140351,180,34.48758952
0.220318237,0,0,0.32037037,0,0.458996328,0.250101999,180,71.62276688
0.152041703,0,0,0.58,0,0.423110339,0.336663771,180,32.72253096
0.142304385,0,0,0.580060423,0,0.420464316,0.354686156,180,38.99676256
0.145781119,0,0,0.550143266,0,0.437343358,0.336675021,180,41.05140104
0.131533101,0,0,0.67218543,0,0.424216028,0.355836237,180,26.74477404
0.21411093,0,0,0.36,0,0.458809135,0.25,180,61.92183956
0.205086136,0,0,0.4,0,0.461443806,0.251435603,180,51.04190828
0.133505599,0,0,0.619354839,0,0.417743325,0.366063738,180,37.32823064
0.140060896,0,0,0.630434783,0,0.423662462,0.347977381,180,29.58541516
0.149170031,0.063930013,0,0.685714286,0,0.41812472,0.266487214,270,40.26953526
0.19179004,0.021310004,0,0.533333333,0,0.41812472,0.266487214,270,43.01296026
0.171945701,0,0,0.6,0,0.421719457,0.303167421,270,53.30063166
0.170480036,0.042620009,0,0.6,0,0.41812472,0.266487214,270,41.15137506
0.213100045,0,0,0.48,0,0.41812472,0.266487214,270,42.13112046
0.106550022,0.106550022,0,0.96,0,0.41812472,0.266487214,270,38.40795006
0.137556561,0.03438914,0,0.75,0,0.421719457,0.303167421,270,54.37828264
0.120361991,0.05158371,0,0.857142857,0,0.421719457,0.303167421,270,51.73276323
0.085972851,0.085972851,0,1.2,0,0.421719457,0.303167421,270,50.65511224
0.154751131,0.01719457,0,0.666666667,0,0.421719457,0.303167421,270,55.06431126
0.220318237,0,0,0.32037037,0,0.458996328,0.250101999,270,74.16693332
0.205086136,0,0,0.4,0,0.461443806,0.251435603,270,55.15808
0.21411093,0,0,0.36,0,0.458809135,0.25,270,67.11359384
0.085349607,0.056899738,0,0.966767372,0,0.420473591,0.354763849,360,44.2960751
0.058290534,0.087435801,0,1.375358166,0,0.437179005,0.336924297,360,44.6980396
0.120855148,0,0,0.689530686,0,0.422338569,0.373472949,360,33.70158688
0.142304385,0,0,0.580060423,0,0.420464316,0.354686156,360,41.24445432
0.145781119,0,0,0.550143266,0,0.437343358,0.336675021,360,42.1269836
0.133505599,0,0,0.619354839,0,0.417743325,0.366063738,360,38.11423328
0.149170031,0.063930013,0,0.685714286,0,0.41812472,0.266487214,365,41.05277999
0.170480036,0.042620009,0,0.6,0,0.41812472,0.266487214,365,43.6982994
0.154751131,0.01719457,0,0.666666667,0,0.421719457,0.303167421,365,56.14196225
0.171945701,0,0,0.6,0,0.421719457,0.303167421,365,52.51669744
0.137556561,0.03438914,0,0.75,0,0.421719457,0.303167421,365,55.26012245
0.120361991,0.05158371,0,0.857142857,0,0.421719457,0.303167421,365,52.90831981
0.085972851,0.085972851,0,1.2,0,0.421719457,0.303167421,365,53.69225402
0.19179004,0.021310004,0,0.533333333,0,0.41812472,0.266487214,365,43.6982994
0.106550022,0.106550022,0,0.96,0,0.41812472,0.266487214,365,38.99538361
0.213100045,0,0,0.48,0,0.41812472,0.266487214,365,41.9346198
0.148358862,0,0,0.581120944,0,0.423632385,0.341794311,365,38.89334116
0.103418054,0,0,0.81779661,0,0.424189308,0.387817704,365,25.08313688
0.111257118,0,0,0.779527559,0,0.424003504,0.378011389,365,29.7853632
0.134649123,0,0,0.628664495,0,0.424561404,0.356140351,365,36.14922668
